index,published,topic,term,domain,language,valid,de,title,description,en,la,url,image,archive,content,quote,added,feed,country,ipcc,continent
8aed1e9990cd21e4b73de20837166aea,2026-07-02T08:10:22Z,Volcano,بركان,arabic.cnn.com,ar,0.9,"Beobachten Sie den Moment, in dem der Vulkan Taal auf den Philippinen erneut ausbricht ... Aschesäulen erreichen eine Höhe von 4.000 Fuß. Auf den Philippinen kam es zu einem erneuten Ausbruch des Taal-Vulkans, bei dem drei explosive Asche- und Dampfstrahlen ausgestoßen wurden, die bis zu einer Höhe von etwa 4.000 Fuß aufstiegen. Die vulkanische Aktivität dauerte mehr als vier Minuten, während die Behörden die Alarmstufe auf der ersten Stufe behielten und gleichzeitig die Entwicklung der Situation weiterhin beobachteten.",شاهد لحظة ثوران بركان تال مجددًا في الفلبين.. أعمدة رماد ترتفع إلى 4 آلاف قدم,شهدت الفلبين ثورانًا جديدًا لبركان تال، أطلق خلاله ثلاث دفعات انفجارية من الرماد والبخار ارتفعت إلى نحو 4 آلاف قدم. واستمر النشاط البركاني لأكثر من أربع دقائق، فيما أبقت السلطات مستوى التأهب عند الدرجة الأولى، مع مواصلة متابعة تطورات الوضع.,"Watch the moment Taal Volcano erupts again in the Philippines... Ash columns rise to 4,000 feet. The Philippines witnessed a new eruption of Taal Volcano, during which it released three explosive jets of ash and steam that rose to about 4,000 feet. The volcanic activity continued for more than four minutes, while the authorities kept the alert level at first level, while continuing to monitor developments in the situation.","Vide momentum Taal Volcano iterum erumpit in Philippinis... Columnae Cinerum ad 4,000 pedes oriuntur. Philippinae novam eruptionem Volcano Taal testati sunt, in qua tres icies explosivae cineris et vaporis ad circiter 4,000 pedes emisit. Actio volcanica plus quam quattuor minuta continuavit, dum auctoritates in primo gradu intenti sunt, dum progressiones monitores in situ perseverantes.",https://arabic.cnn.com/science-and-health/video/2026/07/02/v197303-taal-volcano-erupts-sending-ash-plumes-4-000-feet-into-the-sky-weather,"https://cnn-arabic-images.cnn.io/cloudinary/image/upload/w_1920,h_1008,c_fill,q_auto,g_center/t_cnnarabic_watermark_logo_v5/cnnarabic/2026/07/02/images/337308.jpg",,,,2026-07-03 16:52:22+00:00,random,,,
839fd5f733c5159d8b864c260a0f9e25,2026-07-02T06:08:04Z,Wildfire,حرائق الغابات,arabic.cnn.com,ar,0.9,"Der Moment, in dem Pferde evakuiert werden, während sich aufgrund von Waldbränden Rauchwolken über dem Himmel Colorados ausbreiten. Während das Feuer in Aspen Acres in Colorado wütet, zeigt ein Video, wie eine Ranch-Crew ihre Pferde unter rauchgefülltem Himmel in Sicherheit bringt.",لحظة إجلاء الخيول مع انتشار أعمدة الدخان بسماء كولورادو جراء حرائق الغابات,مع اشتعال حريق أسبن إيكرز في كولورادو، يُظهر مقطع فيديو طاقم مزرعة وهم يُجلون الخيول إلى بر الأمان تحت سماء مليئة بالدخان.,"The moment horses are evacuated as plumes of smoke spread over the Colorado sky due to forest fires. As the Aspen Acres fire rages in Colorado, video shows a ranch crew evacuating horses to safety under smoke-filled skies.","Momentum equi emittuntur sicut plumae fumi diffusae super Colorado caelo propter ignes silvarum. Sicut Aspen Acres ignis in Colorado furit, video vicus cantavit cedentes equos ad salutem sub caelo fumoso.",https://arabic.cnn.com/miscellaneous/video/2026/07/02/v197253-horses-evacuated-colorado-wildfire-aspen-acres-digvid,"https://cnn-arabic-images.cnn.io/cloudinary/image/upload/w_1920,h_1008,c_fill,q_auto,g_center/t_cnnarabic_watermark_logo_v5/cnnarabic/2026/07/01/images/337252.jpg",,,,2026-07-04 04:11:03+00:00,random,,,
c895eaf40bda87acde8ce026a0522682,2026-07-02T10:58:16Z,Wildfire,حرائق الغابات,arabic.cnn.com,ar,0.9,"Schon wenige Minuten nach ihrem Ausbruch überwachen Satelliten die Brände in Colorado. Da sich die Waldbrandsaison Anfang dieses Jahres im US-Bundesstaat Colorado intensiviert, verlassen sich die Behörden zunehmend auf Satellitentechnologie, um Brandherde innerhalb weniger Minuten nach ihrem Ausbruch zu überwachen.",خلال دقائق من اندلاعها.. الأقمار الصناعية ترصد حرائق كولورادو,مع اشتداد موسم حرائق الغابات في ولاية كولورادو الأميركية مبكراً هذا العام، تعتمد السلطات بشكل متزايد على تكنولوجيا الأقمار الصناعية لرصد بؤر الحرائق خلال دقائق من اندلاعها.,"Within minutes of their outbreak, satellites monitor the Colorado fires. As the wildfire season intensifies in the US state of Colorado early this year, authorities are increasingly relying on satellite technology to monitor fire hotspots within minutes of their outbreak.","Intra minuta tumultus, satellites monitoria incendiorum Colorado. Incendium tempus auget in statu Colorado in US primo hoc anno, auctoritates magis magisque innituntur technologiae satellites ad monitores ignis hotspotum intra minuta sui tumultus.",https://arabic.cnn.com/miscellaneous/video/2026/07/02/v197316-colorado-noaa-satellites-track-fires,"https://cnn-arabic-images.cnn.io/cloudinary/image/upload/w_1920,h_1008,c_fill,q_auto,g_center/t_cnnarabic_watermark_logo_v5/cnnarabic/2026/07/02/images/337332.jpg",,,,2026-07-04 04:11:03+00:00,random,,,
fbc79885a6205f925bee1e5108f21155,2026-07-01T13:09:54Z,Thunderstorm,برد,arabic.cnn.com,ar,0.9,"Ein erstaunliches Ereignis ... Beobachten Sie, wie ein kalter Sturm amerikanische Straßen in Gletscher verwandelt. Videoaufnahmen zeigten die Auswirkungen eines starken Gewitters, das am 26. Juni ein Gebiet in der Nähe der Stadt Boise, Idaho, USA, heimsuchte, wo Hagel mit ungewöhnlicher Intensität niederging und die Straßen in ein Szenario verwandelte, das eher einem Wintersturm ähnelte.",حدث مذهل.. شاهد عاصفة برد تحول شوارع أمريكية إلى أنهار جليدية,أظهرت لقطات مصورة آثار عاصفة رعدية قوية ضربت منطقة قرب مدينة بويز بولاية أيداهو الأمريكية في 26 يونيو/حزيران، حيث تساقط البرد بكثافة غير معتادة، ما حوّل الشوارع إلى مشهد أقرب إلى عاصفة شتوية.,"An amazing event... Watch a cold storm turn American streets into glaciers. Video footage showed the effects of a strong thunderstorm that struck an area near the city of Boise, Idaho, USA, on June 26, where hail fell with unusual intensity, turning the streets into a scene closer to a winter storm.","Res mirabilis... Vigilate tempestas frigida in plateas Americanas in molibus. Video footage effecit vehementis tonitris, qui regionem prope urbem Boise, Idaho, USA percussit, die XXVI mensis Iunii, ubi grando inusitato ardore cecidit, vias in scaenam tempestatem hiemalem propius convertens.",https://arabic.cnn.com/miscellaneous/video/2026/07/01/v197258-hailstorm-floods-idaho-street,"https://cnn-arabic-images.cnn.io/cloudinary/image/upload/w_1920,h_1008,c_fill,q_auto,g_center/t_cnnarabic_watermark_logo_v5/cnnarabic/2026/07/01/images/337243.jpg",,,,2026-07-05 08:24:35+00:00,random,,,
7d6e431c38f4097d7609b7cdac1ecfc0,2026-07-01T09:04:58Z,Heat Wave,الحرارة,arabic.cnn.com,ar,0.9,"14 Möglichkeiten, Ihren Körper bei Rekordtemperaturen ohne Klimaanlage kühl zu halten. Während Hitzewellen können Sie einen kühlen Kopf bewahren, indem Sie auf einige grundlegende Vorräte zurückgreifen und wissen, wie Sie Ihr Zuhause vorbereiten, um die Temperaturen im Inneren zu kontrollieren. Hier sind 14 Möglichkeiten, dies zu erreichen.",14 طريقة للحفاظ على برودة جسمك من دون مكيّف هواء في درجات حرارة قياسية,خلال موجات الحر، يمكن الحفاظ على برودة الجسم باستخدام بعض المستلزمات الأساسية ومعرفة كيفية تهيئة المنزل للمساعدة على التحكم بدرجات الحرارة داخله. وفي ما يلي 14 طريقة لتحقيق ذلك.,"14 ways to keep your body cool without air conditioning at record temperatures. During heat waves, you can stay cool by using some basic supplies and knowing how to prepare your home to help control the temperatures inside. Here are 14 ways to achieve this.","14 vias ut corpus tuum refrigerium sine aeris condicione ad recordum temperaturas contineas. Per undas aestus, refrigerare potes utendo quibusdam copiis fundamentalibus et sciens domum tuam praeparare ad temperaturae intra temperantiam adiuvandam. Hic sunt 14 modi ad hoc assequendum.",https://arabic.cnn.com/science-and-health/article/2026/07/01/how-to-stay-cool-without-air-conditioning-wellness,"https://cnn-arabic-images.cnn.io/cloudinary/image/upload/w_1920,h_1008,c_fill,q_auto,g_center/t_cnnarabic_watermark_logo_v5/cnnarabic/2026/06/30/images/337055.jpg",,,,2026-07-06 21:54:42+00:00,random,,,
72ec62281abbb918a567f5baaf359e15,2026-07-01T10:42:10Z,Heat Wave,الحرارة,arabic.cnn.com,ar,0.9,"Die Weltmeere erleben einen neuen Temperaturrekord. Die Weltmeere erleben für diese Jahreszeit beispiellose Temperaturen und brechen neuen Daten zufolge den Allzeitrekord für Juni, mit besorgniserregenden Auswirkungen auf das globale Wetter und das Leben im Meer.",محيطات العالم تشهد رقمًا قياسيًا جديدّا في درجات الحرارة,تشهد محيطات العالم درجات حرارة غير مسبوقة لهذا الوقت من العام، إذ حطّمت الرقم القياسي المسجّل لشهر يونيو/ حزيران على الإطلاق، وفقًا لبيانات جديدة، ما ينذر بتداعيات مقلقة على الطقس العالمي والحياة البحرية.,"The world's oceans are witnessing a new temperature record. The world's oceans are experiencing unprecedented temperatures for this time of year, breaking the all-time record for June, according to new data, with worrying implications for global weather and marine life.","Oceani mundi novum temperamentum testimonium perhibent. Oceani mundi inauditas temperaturae hoc tempore anni experiuntur, omne tempus mensis Iunii, secundum novas notitias, praevaricantes, cum implicationibus globali tempestatis et vitae marinae moleste ferunt.",https://arabic.cnn.com/science-and-health/article/2026/07/01/global-oceans-break-june-temperature-record,"https://cnn-arabic-images.cnn.io/cloudinary/image/upload/w_1920,h_1008,c_fill,q_auto,g_center/t_cnnarabic_watermark_logo_v5/cnnarabic/2026/07/01/images/337199.jpg",,"(CNN) -- / .
 21 / 69.5 (20.86 ) / 2024 """" .
 "" "" 69.38 (21 ) 21 / 2024 0.18 .
 "" "" . "" "" .
 . 90% .
 "" "".
 / .
 """" "" . "".
 .
 .",,2026-07-06 21:54:42+00:00,random,,,
47c1a43119ef57a9c5f5f85a83a1d773,2026-07-02T11:23:39Z,Heat Wave,الحرارة,arabic.cnn.com,ar,0.9,"Wie schützen Sie sich vor Hitzschlag und Notfällen im Zusammenhang mit hohen Temperaturen? Ein Hitzschlag ist ein medizinischer Notfall, der sofort behandelt werden muss, da er unbehandelt schnell tödlich enden kann.",كيف تحمي نفسك من ضربة الشمس والحالات الطارئة المرتبطة بارتفاع الحرارة؟,تُعدّ ضربة الشمس حالة طبية طارئة يجب التعامل معها فورًا، لأنها قد تصبح مميتة بسرعة إذا لم تُعالج.,"How do you protect yourself from heatstroke and emergencies related to high temperature? Heatstroke is a medical emergency that must be treated immediately, because it can quickly become fatal if left untreated.","Quomodo te defendis ab heatstroke et periculis ad caliditatem relato? Heatstroke medicinalis est, quae statim curanda est, quia cito exitiale fieri potest, si increatum relinquitur.",https://arabic.cnn.com/science-and-health/article/2026/07/02/heat-stroke-sun-exhaustion-health-xpn-wellness,"https://cnn-arabic-images.cnn.io/cloudinary/image/upload/x_0,y_209,w_1998,h_1124,c_crop/w_1920,h_1008,c_fill,q_auto,g_center/t_cnnarabic_watermark_logo_v5/cnnarabic/2026/07/01/images/337245.jpg",,,,2026-07-06 21:54:42+00:00,random,,,
a86175c7fee9d4f67ff518676e28a2c9,2026-07-04T08:17:13Z,Heat Wave,الحرارة,arabic.cnn.com,ar,0.9,"Die Temperaturen in Washington überschreiten gefährliche Werte ... und stören die Unabhängigkeitsfeierlichkeiten. Die Organisatoren der Great American State Fair, die in der National Mall stattfand, gaben am Freitag bekannt, dass die Veranstaltung wegen extremer Hitze geschlossen sei und voraussichtlich um 17:00 Uhr wiedereröffnet werde.",درجات الحرارة تتجاوز مستويات خطيرة في واشنطن.. وتعطل احتفالات الاستقلال,"أعلن منظمو معرض ""Great American State Fair"" -الذي يُقام في ساحة ""ناشيونال مول""- يوم الجمعة عن إغلاق الفعالية بسبب الحرارة الشديدة، مع وجود خطط لإعادة فتحها في الساعة الخامسة مساءً.","Temperatures exceed dangerous levels in Washington...and disrupt independence celebrations. Organizers of the Great American State Fair, held on the National Mall, announced Friday that the event would be closed due to extreme heat, with plans to reopen at 5 p.m.","Temperaturae periculosas gradus Washingtoniae excedunt et celebrationes independentiae perturbant. Organiatores Civitatis Magnae Americae Pulchri, in National Mall tenuerunt, Veneris nuntiaverunt eventum esse propter calorem maximum occlusum, cum consilia ad V a.m recludere.",https://arabic.cnn.com/world/video/2026/07/04/v197438-extreme-heat-shuts-down-great-american-state-fair,"https://cnn-arabic-images.cnn.io/cloudinary/image/upload/x_0,y_0,w_2423,h_1363,c_crop/w_1920,h_1008,c_fill,q_auto,g_center/t_cnnarabic_watermark_logo_v5/cnnarabic/2026/07/04/images/337526.jpg",,"""Great American State Fair"" - "" ""- .
 100 ( 38 ) 111 ( 44 ) CNN.",,2026-07-06 21:54:42+00:00,random,,,
ded6dc0ba134923a133b820486706177,2026-07-04T12:47:25Z,Heat Wave,الحرارة,www.aljazeera.net,ar,0.9,"Schlangen, Hitze und Schutt ... tödliche Herausforderungen, die die Bewohner Gazas mit ihren zerstörten Gebetshallen heimsuchen. Unter den Nylonvorhängen und inmitten der Trümmer der Hassan-al-Banna-Moschee in Nuseirat kämpfen Gläubige täglich mit der Hitze und den Trümmern auf der Suche nach einem verlorenen Messer, angesichts der völligen Abwesenheit von Elektrizität und der Gefahren von Schlangen und Trümmern rund um das provisorische Haus Gottes.",أفاعي وحرارة وركام.. تحديات قاتلة تطارد الغزيين بمصلياتهم المدمرة,تحت شوادر النايلون ووسط ركام مسجد حسن البنا بالنصيرات، يخوض المصلون معركة يومية مع الحرارة والأنقاض بحثا عن سكينة مفقودة، في ظل غياب تام للكهرباء ومخاطر الأفاعي والركام التي تحاصر بيت الله المؤقت.,"Snakes, heat, and rubble... deadly challenges haunting the Gazans with their destroyed prayer halls. Under the nylon curtains and amid the rubble of the Hassan al-Banna Mosque in Nuseirat, worshipers fight a daily battle with the heat and rubble in search of a lost knife, in light of the complete absence of electricity and the dangers of snakes and rubble surrounding the temporary House of God.","Serpentes, aestus, et rudera... funestos provocat Gazanos frequentando atria sua perdita precantis. Sub aulaeis nylon et inter rudera Hassan al-Banna Mosque in Nuseirat, cultores cottidianam pugnam cum calore et caemento in quaerendo cultro amisso, attentis vacationem electricitatis et pericula serpentium et rudera circum Domum Dei temporalem.",https://www.aljazeera.net/news/2026/7/4/%d8%a3%d9%81%d8%a7%d8%b9%d9%8a-%d9%88%d8%ad%d8%b1%d8%a7%d8%b1%d8%a9-%d9%88%d8%b1%d9%83%d8%a7%d9%85-%d8%aa%d8%ad%d8%af%d9%8a%d8%a7%d8%aa-%d9%82%d8%a7%d8%aa%d9%84%d8%a9-%d8%aa%d8%b7%d8%a7%d8%b1%d8%af,https://www.aljazeera.net/wp-content/uploads/2026/07/image-1783179648.jpg?resize=1920%2C1080&quality=80,,""" "" .
 "" "" .
 6 4 .
 250 .
 .
 .
 "" "".
 - - .
 .
 .
 "" "".
"" "".
 .",,2026-07-06 21:54:42+00:00,random,,,
386ad600f06e46b8b3816f5e33921d6c,2026-07-05T07:43:42Z,Heat Wave,الحرارة,www.aljazeera.net,ar,0.9,"Wohin gelangt Raketeneisen, wenn es am Erdhimmel verglüht? Eine Studie zeigt, dass ein Teil des Raketeneisens bei der Rückkehr zur Erde aufgrund von Hitze und Druck zerfällt und sich in nanoskopischen Metallstaub verwandelt, der sich dann als Teil eines kosmischen Kreislaufs in die Atmosphäre ausbreitet, um das metallische Material zu recyceln.",أين يذهب حديد الصواريخ عندما تحترق في سماء الأرض؟,دراسة تكشف أن بعض حديد الصواريخ عند عودتها إلى الأرض يتفكك ويتحول إلى غبار معدني نانوي بفعل الحرارة والضغط، ثم ينتشر في الغلاف الجوي ضمن دورة كونية لإعادة تدوير المادة المعدنية.,"Where does rocket iron go when it burns up in the Earth's sky? A study reveals that some of the rocket iron upon returning to Earth disintegrates and turns into nanoscopic metal dust due to heat and pressure, and then spreads into the atmosphere as part of a cosmic cycle to recycle the metallic material.","Quo ferrum eruca itur, cum in Caelo Telluris exuritur? Investigatio manifestat ferrum erucae nonnullae in terram rediens dissolvit et in pulverem metallicam nanoscopicum ob calorem et pressuram se convertit, et deinde in atmosphaeram diffunditur ut partem cycli cosmici ad redivivum materiae metallicae.",https://www.aljazeera.net/science/2026/7/5/%d8%a3%d9%8a%d9%86-%d9%8a%d8%b0%d9%87%d8%a8-%d8%ad%d8%af%d9%8a%d8%af-%d8%a7%d9%84%d8%b5%d9%88%d8%a7%d8%b1%d9%8a%d8%ae-%d8%b9%d9%86%d8%af%d9%85%d8%a7-%d8%aa%d8%ad%d8%aa%d8%b1%d9%82-%d9%81%d9%8a,https://www.aljazeera.net/wp-content/uploads/2026/07/alcabfwdt-walahtraq-1783010165.png?resize=1920%2C1440,,"|
.
 .
list of 2 itemsend of list
 .
 (/ )
: 
 .
 (Ablation) .
 25 1600 .
 .
 "" "" "" "" .
 WB-57 (/ )
.
 "" "" .
 .
 .
 """" (PNAS) .
 10% .
 (/ )
20 .
 50% .
 .
 () .
 (/ )
.
 . .",,2026-07-06 21:54:42+00:00,random,,,
90ac62d28085d06fb96359d6d49fde29,2026-07-03T16:19:28Z,Heat Wave,موجة الحر فرنسا,www.bbc.com,ar,0.9,"Mehr als zweitausend zusätzliche Todesfälle in Frankreich während des Höhepunkts der Hitzewelle, und Europa bereitet sich auf Unwetter vor. Meteorologen warnten vor einer anhaltenden Hitzewelle und hohen Temperaturen in Europa in den nächsten Tagen, während einige Länder angesichts der steigenden Todeszahlen höchste Alarmbereitschaft ausriefen.",أكثر من ألفي حالة وفاة إضافية في فرنسا خلال ذروة موجة الحر، وأوروبا تستعد لطقس قاسٍ,حذر خبراء أرصاد جوية من استمرار الموجة الحارة وارتفاع درجات الحرارة، في قارة أوروبا خلال الأيام القليلة المقبلة، بينما أعلنت بعض البلدان، حالة التأهب القصوى في ظل ارتفاع حالات الوفيات.,"More than two thousand additional deaths in France during the peak of the heat wave, and Europe is preparing for severe weather. Meteorologists warned of the continued heat wave and high temperatures in Europe during the next few days, while some countries declared a state of maximum alert in light of the rise in deaths.","Plus duo milia additae mortes in Gallia in summo aestu et Europa gravibus tempestatibus parat. Meteorologi monuerunt de continua aestu fluctuatione et caliditate in Europa proximo paucis diebus, cum nonnullis regionibus declaravit statum maximum in luce ortum in morte esse intentum.",https://www.bbc.com/arabic/articles/cp36lv5lv3vo,https://ichef.bbci.co.uk/news/1200/branded_arabic/2813/live/698d68b0-76d6-11f1-9510-1546718f668b.jpg,,Claudia Chieppa/Anadolu via Getty Images,,2026-07-07 12:42:41+00:00,wmo,France,WCE,Europe
7c48c83fe68fc2e18e30eba51b73c42f,2026-07-06T11:44:01Z,Storm,الإعصار,arabic.cnn.com,ar,0.9,"Super-Hurrikan „Buffy“... So sieht der „stärkste Sturm der Erde“ aus dem Weltraum aus. Superzyklon Buffy, einer der stärksten Superzyklone auf dem Planeten in diesem Jahr, traf am Montagmorgen die US-Pazifikinseln. Es ist der zweite massive Sturm, der diese Gebiete seit April heimgesucht hat.","إعصار ""بافي"" الفائق.. هكذا تبدو ""أقوى عاصفة على وجه الأرض"" من الفضاء","ضرب الإعصار الفائق ""بافي""، أحد أقوى الأعاصير الفائقة على كوكب الأرض هذا العام، جزر المحيط الهادئ الأمريكية، صباح الاثنين. وهو ثاني عاصفة هائلة تضرب هذه المناطق منذ أبريل /نيسان.","Super Hurricane ""Buffy""... This is what the ""strongest storm on Earth"" looks like from space. Supercyclone Buffy, one of the strongest supercyclones on the planet this year, hit the US Pacific Islands on Monday morning. It is the second massive storm to hit these areas since April.","Super Procellae ""Omnibus""... Hoc est quod ""procella fortissima in terra"" spectat sicut ex spatio. Supercyclone Buffy, unus ex fortissimis supercyclonibus in planeta hoc anno, US Pacific Insulas die Lunae mane percussit. Secunda tempestas ingens has areas ab Aprili ferire est.",https://arabic.cnn.com/miscellaneous/video/2026/07/06/v197568-super-typhoon-bavi-smacks-into-us-pacific-islands-digvid-hnk,"https://cnn-arabic-images.cnn.io/cloudinary/image/upload/w_1920,h_1008,c_fill,q_auto,g_center/t_cnnarabic_watermark_logo_v5/cnnarabic/2026/07/06/images/337736.jpg",,,,2026-07-08 07:45:50+00:00,random,,,
5b8c450de9fec409f3e97dfdef066faa,2026-07-02T03:47:38Z,Thunderstorm,برد,www.bbc.com,ar,0.9,"„Die türkische Polizei schlug uns mit Eisenstangen, bevor wir durch Erfrierungen unsere Gliedmaßen verloren.“ Afghanische Migranten sagten, sie seien gezwungen worden, die türkische Stadt Van im Osten des Landes in Richtung der iranischen Grenze zu verlassen, wo die Temperaturen unter Null lagen. Die Gruppe fügte hinzu, dass mindestens 20 Menschen an der Kälte gestorben seien.","""الشرطة التركية ضربتنا بقضبان حديدية، قبل أن نفقد أطرافنا بسبب قضمة الصقيع""","يقول المهاجرون الأفغان إنهم أُجبروا على مغادرة مدينة ""فان"" التركية الواقعة شرقي البلاد نحو الحدود الإيرانية، حيث كانت درجات الحرارة تحت الصفر. وأضافت المجموعة أن ما لا يقل عن 20 شخصاً ماتوا من البرد.","""The Turkish police beat us with iron rods, before we lost our limbs due to frostbite."" Afghan migrants say that they were forced to leave the Turkish city of Van, located in the east of the country, towards the Iranian border, where temperatures were below zero. The group added that at least 20 people died from the cold.","""Turcicum vigiles nos virgis ferreis verberant, antequam membra ob congelationis amisimus."" Afghan migrantes dicere coacti sunt urbem Van Turcicam relinquere, in orientali regione sita, ad terminum Iranianum, ubi temperaturae infra zerum erant. Circulus addidit saltem XX homines ex frigore decessisse.",https://www.bbc.com/arabic/articles/cj0gv4lmd33o,https://ichef.bbci.co.uk/news/1200/branded_arabic/b1c6/live/fa5247b0-75b6-11f1-bef4-7913b013142a.jpg,,"Article Information<ul><li></li><li></li><li></li></ul>
: .
 / 50 .
 """" . 20 .
 12 - 13 - .
 25 .
.
 : "" - . . "".
 .
.
Anadolu via Getty Images
15 
/ 50 """" 15 .
 21 .
 .
"" . "".
 23 : … [+453 chars]",,2026-07-09 04:28:35+00:00,random,,,
8e122184f3e1800b255c8399b9db9618,2026-07-03T11:07:27Z,Tropical Cyclone,اليابسة,arabic.cnn.com,ar,0.9,"Ein Haus ohne feste Adresse. Eine Frau verlässt ihr Zuhause an Land, um eine ewige Seereise zu genießen. Vor einem Jahr bestieg Sharon Lynn das Wohnschiff Villa in Odyssey, bereit für ein neues Abenteuer. Bedauern Sie es, auf einem Schiff, das zu Ihrem Zuhause geworden ist, durch das Meer gesegelt zu sein?",منزل بلا عنوان ثابت.. امرأة تترك منزلها على اليابسة للاستمتاع برحلة بحرية أبدية,"قبل عام، صعدت شارون لين على متن سفينة ""فيلا في أوديسي"" السكنية، وهي في كامل استعدادها لخوض مغامرة جديدة. هل ندمت على خوض عباب البحر على متن سفينة أصبحت منزلها؟","A house without a fixed address.. A woman leaves her home on land to enjoy an eternal sea voyage. A year ago, Sharon Lynn boarded the Villa in Odyssey residential ship, ready for a new adventure. Do you regret sailing through the sea on a ship that has become your home?","Domus sine certa inscriptione . Anno elapso, Sharon Lynn Villam in Odyssea navem residentialem conscendit, paratus ad novum adventum. An poenitet te navigare per mare in navi facta domo tua?",https://arabic.cnn.com/travel/article/2026/07/03/villa-vie-odyssey-cruise-ship-sharon-lane-one-year-on,"https://cnn-arabic-images.cnn.io/cloudinary/image/upload/w_1600,h_840,c_fill,q_auto,g_center/t_cnnarabic_watermark_logo_v5/cnnarabic/2026/06/25/images/336572.jpg",,"(CNN)-- "" "" (Villa Vie Odyssey) .
 . 
 195 .
 CNN : "" . . "".
"" "" """" . 
.Credit: Sharon Lane
"""" . 
 . 15 .
 : "" . "".
.Credit: VVR
"" ""(Villa Vie Residences) """" / 2024 .
 / 2025 .
 """" .
 .… [+257 chars]",,2026-07-09 17:29:29+00:00,random,,,
d1620ea98a76bfaad093df01c41553a9,2026-07-05T04:40:49Z,Tropical Cyclone,اليابسة,www.aljazeera.net,ar,0.9,"Friedhöfe wurden bombardiert... obwohl die Toten vom Krieg im Südlibanon nicht verschont blieben. Die Auswirkungen des israelischen Krieges im Libanon machten nicht an den Grenzen von Häusern, Straßen und Feldern Halt, sondern erstreckten sich auch auf Friedhöfe, die von Überfällen und Explosionen betroffen waren. Grabsteine ​​waren gesprungen, Schreine stürzten ein und der Schutt vermischte sich mit den Überresten getrockneter Blumen.",مقابر قُصفت.. حين لم يسلم الموتى من الحرب في جنوب لبنان,لم تتوقف آثار الحرب الإسرائيلية على لبنان عند حدود المنازل والطرقات والحقول، بل امتدت إلى المقابر التي طالتها الغارات والانفجارات، فتصدعت شواهد، وانهارت أضرحة، واختلط الركام ببقايا الأزهار اليابسة.,"Cemeteries were bombed... when the dead were not spared from the war in southern Lebanon. The effects of the Israeli war on Lebanon did not stop at the borders of homes, roads and fields, but rather extended to cemeteries that were affected by raids and explosions. Tombstones were cracked, shrines collapsed, and the rubble mixed with the remains of dried flowers.","Coemeteria bombed ... cum mortui non servati sunt a bello in Libano meridiano. Effectus belli Israelitici in Libano non cessaverunt in finibus domorum, viarum et agrorum, sed potius ad coemeteria excursiones et explosiones affectae sunt. Sepulchra crepuerunt, altaria conciderunt, rudera cum reliquiis florum aridae mixtae sunt.",https://www.aljazeera.net/politics/2026/7/5/%d9%85%d9%82%d8%a7%d8%a8%d8%b1-%d9%82%d8%b5%d9%81%d8%aa-%d8%ad%d9%8a%d9%86-%d9%84%d9%85-%d9%8a%d8%b3%d9%84%d9%85-%d8%a7%d9%84%d9%85%d9%88%d8%aa%d9%89-%d9%85%d9%86,https://www.aljazeera.net/wp-content/uploads/2026/07/image-1783195529.jpg?resize=1920%2C1080&quality=80,,"- . .
 . .
 ( )
. .
 .
 : ()
2 / 2026 . : .
 : "" "".
 . : . : .
 ()
. . : 
 . . . . .
 ()
.
 .
 .
 .
 ()
. : .
 ()
.
 .
 .
 : .
 .",,2026-07-09 17:29:29+00:00,random,,,
2df4710b8eb82cbf7770675a052a9de7,2026-07-06T00:35:47Z,Tropical Cyclone,إعصار,www.aljazeera.net,ar,0.9,"19 Tote durch die Hitzewelle in New Jersey und Hurrikan Buffy trifft Rota Island. Nach Angaben der Behörden im US-Bundesstaat New Jersey starben mindestens 19 Menschen aufgrund der starken Hitzewelle, während der starke Hurrikan Buffy die US-Insel Rota heimsuchte und vor weitreichenden Zerstörungen warnte.","19 وفاة بموجة الحر في نيوجيرسي والإعصار ""بافي"" يضرب جزيرة روتا","قالت السلطات في ولاية نيوجيرسي الأمريكية إن 19 شخصا على الأقل قضوا بسبب موجة الحر الشديد، فيما ضرب الإعصار القوي ""بافي"" جزيرة روتا الأمريكية وسط تحذيرات من حدوث دمار واسع.","19 deaths due to the heat wave in New Jersey and Hurricane Buffy hits Rota Island. Authorities in the US state of New Jersey said that at least 19 people died due to the intense heat wave, while powerful Hurricane Buffy hit the US island of Rota, amid warnings of widespread destruction.","19 Mortes ob aestum fluctuum in Nova Jersey et Hurricane Buffy Rotam Islandiam percusserunt. Auctoritates in Civitate Civitatis Novae Novae Jersey dixerunt saltem XIX homines propter aestus aestus interiisse, dum potentes Procellae Buffy insulam Rotam US percusserunt, inter monita late diffusa ruinae.",https://www.aljazeera.net/news/2026/7/6/19-%d9%88%d9%81%d8%a7%d8%a9-%d8%a8%d9%85%d9%88%d8%ac%d8%a9-%d8%a7%d9%84%d8%ad%d8%b1-%d9%81%d9%8a-%d9%86%d9%8a%d9%88%d8%ac%d9%8a%d8%b1%d8%b3%d9%8a-%d9%88%d8%a7%d9%84%d8%a5%d8%b9%d8%b5%d8%a7%d8%b1,https://www.aljazeera.net/wp-content/uploads/2026/07/ap_6a4b17149cf6f-1783306004.jpg?resize=1200%2C675,,"|
19 """" .
 - - 19 .
 .
 160 .
 : "" 14 "".
 .
 "" "" .
 """" ()
"""" - -   .
 290 .
 - 1500 - .
 - - .
 290 ()
20 30 .
 .
 .
 """" 3 """" / .",,2026-07-10 04:32:08+00:00,random,,,
8343ce2136771a070350fdfb511eefa7,2026-07-07T14:09:59Z,Storm,الإعصار,arabic.cnn.com,ar,0.9,"Er zog einen Mann in seine Wohnung. Ein verheerender Tornado hat die Stadt Ezhou in China heimgesucht. Berichten staatlicher Medien zufolge ist ein verheerender Tornado über die zentralchinesische Provinz Hubei hinweggefegt, so stark, dass er einen Mann aus seiner Wohnung im 12. Stock gerissen hat. Der Hurrikan tötete mindestens 11 Menschen und verletzte mehr als 331 weitere und hinterließ weitreichende Zerstörungen.",سحب رجلًا كان بداخل شقته.. إعصار مدمر يضرب مدينة إيتشو في الصين,اجتاح إعصارٌ مدمر، بلغت قوته حدًّا جعله يسحب رجلاً من شقته في الطابق الثاني عشر، مقاطعة هوبي وسط الصين، وفقًا لتقارير وسائل الإعلام الرسمية. وأسفر الإعصار عن مقتل 11 شخصًا على الأقل وإصابة أكثر من 331 آخرين، مخلفًا وراءه دمارًا واسعًا.,"He pulled a man inside his apartment. A devastating tornado struck the city of Ezhou, China. A devastating tornado, so powerful that it pulled a man from his 12th-floor apartment, has swept through central China's Hubei province, according to state media reports. The hurricane killed at least 11 people and injured more than 331 others, leaving behind widespread destruction.","Hominem intra cubiculum suum extraxit. Turbo vastans urbem Ezhou, Sinas percussit. Pollucis vastatio, tam potens ut virum e tabulato suo 12th-areae traheret, per mediam provinciam Sinarum Hubei, secundum publica instrumenta, pervasit. Procellae saltem 11 hominum occidit et plus quam 331 alios vulneravit, post magnam stragem relictis.",https://arabic.cnn.com/miscellaneous/video/2026/07/07/v197644-china-tornado-damage,"https://cnn-arabic-images.cnn.io/cloudinary/image/upload/w_1920,h_1008,c_fill,q_auto,g_center/t_cnnarabic_watermark_logo_v5/cnnarabic/2026/07/07/images/337866.jpg",,,,2026-07-10 04:32:08+00:00,random,,,
13f43d03ce1ca4b9304026d6e8ce2bf2,2026-07-01T00:17:10Z,Heat Wave,موجة الحر,www.aljazeera.net,ar,0.9,"Europa schmilzt dahin und seine Regierungen stecken weiterhin den Kopf in den Sand. Die jüngste Hitzewelle in Europa war ein Spektakel einer sich schnell nähernden Zukunft, da sich diese großen Temperaturanstiege jedes Jahr wiederholten, während die Regierungen sie weiterhin als Notfall behandeln.",أوروبا تذوب حرا وحكوماتها تواصل دفن رؤوسها في الرمال,كانت موجة الحر التي شهدتها أوروبا مؤخرا مشهدا من مستقبل يقترب بسرعة، حيث تكررت هذه الارتفاعات الكبيرة في درجات الحرارة بشكل سنوي، بينما تواصل الحكومات التعامل معها كأزمة طارئة.,"Europe is melting free and its governments continue to bury their heads in the sand. The recent heat wave in Europe was a spectacle of a rapidly approaching future, as these large temperature rises were repeated on an annual basis, while governments continue to treat it as an emergency.","Europa liberam tabescit eiusque imperia capita in arena sepeliunt. Recens fluctus aestus in Europa futurum spectaculum erat celeritatis, quod haec magna temperatura oritur in annuo fundamento iterata, cum gubernationes subitis agere pergunt.",https://www.aljazeera.net/misc/2026/7/1/%d8%a3%d9%88%d8%b1%d9%88%d8%a8%d8%a7-%d8%aa%d8%b0%d9%88%d8%a8-%d8%ad%d8%b1%d8%a7-%d9%88%d8%ad%d9%83%d9%88%d9%85%d8%a7%d8%aa%d9%87%d8%a7-%d8%aa%d9%88%d8%a7%d8%b5%d9%84-%d8%af%d9%81%d9%86,https://www.aljazeera.net/wp-content/uploads/2026/06/afp_6a3d4ad361f4-1782401747.jpg?resize=1920%2C1440,,".
 / 2025 44 .
list of 2 items<ul><li>list 1 of 2.. </li><li>list 2 of 2 .. </li></ul>end of list
   .
 .
 """" 22 / 2026 ()
. .
 16 7 11 .
 14 35 .
 35 36 . 10 .
 22 / 2026 ()
3 .
 .
 .
… [+126 chars]",,2026-07-10 12:40:32+00:00,random,,,
93e00e8e296cfb84c4ec8c1a9afa9b3a,2026-07-03T08:27:53Z,Heat Wave,موجة الحر,www.aljazeera.net,ar,0.9,"Die Flammen Europas... 3.700 zusätzliche Todesfälle in Frankreich, den Niederlanden und Belgien infolge der Hitzewelle. Frankreich, die Niederlande und Belgien verzeichneten 3.700 zusätzliche Todesfälle infolge einer Hitzewelle, die Ende Juni letzten Jahres Europa heimsuchte, und es wurde gewarnt, dass die Zahl vorläufig sei und steigen könnte.",لهيب أوروبا.. 3700 وفاة إضافية في فرنسا وهولندا وبلجيكا جراء موجة الحر,سجلت فرنسا وهولندا وبلجيكا 3700 وفاة زائدة جراء موجة حر ضربت أوروبا أواخر يونيو/حزيران الماضي، وسط تحذيرات من أن الحصيلة أولية وقد ترتفع.,"The flames of Europe... 3,700 additional deaths in France, the Netherlands, and Belgium as a result of the heat wave. France, the Netherlands and Belgium recorded 3,700 excess deaths as a result of a heat wave that struck Europe late last June, amid warnings that the toll is preliminary and may rise.","Flammae Europae ... 3,700 mortes additae in Gallia, in Belgio, et in Belgio propter undam aestus. Gallia, Nederlandia et Belgium commemorantur 3,700 mortes excessus ob aestum fluctuum qui Europam exeunte Iunio proxime percussit, inter admonitiones thelonei praeliminares esse et oriri posse.",https://www.aljazeera.net/news/2026/7/3/3700-%d9%88%d9%81%d8%a7%d8%a9-%d8%a5%d8%b6%d8%a7%d9%81%d9%8a%d8%a9-%d9%81%d9%8a-%d9%81%d8%b1%d9%86%d8%b3%d8%a7-%d9%88%d9%87%d9%88%d9%84%d9%86%d8%af%d8%a7-%d9%88%d8%a8%d9%84%d8%ac%d9%8a%d9%83%d8%a7,https://www.aljazeera.net/wp-content/uploads/2026/07/epa_6a478f08c71c-1783074568.jpg?resize=1920%2C1440,,"3700 / .
 20 28 / .
 30% 22 28 / 62% .
 29.1% 2025 .
 45 .
 30% 10 3 .
 200 .
 ()
3 .
 .
 3 3 .
 .
 .
 "" 15 3 .
 7 8700 (1 = 10 ).
 "" "" .
 39% ()
480 .
 22 28 / 80 .
 .
 / 40 .
 … [+60 chars]",,2026-07-10 12:40:32+00:00,random,,,
3c07fc772737ce3bc9a20da445626b53,2026-07-14T14:02:01Z,Heat Wave,موجة الحر,www.aljazeera.net,ar,0.9,"Die Hitzewelle und die Hormus-Krise lassen die Strompreise in Japan auf den höchsten Stand seit 6 Wochen steigen. Eine Hitzewelle lässt den Stromverbrauch in Japan steigen, während die Unruhen in Hormuz und die steigenden Preise für Flüssiggas die Stromerzeugungskosten unter Druck setzen, wobei die Spotpreise um 64 % auf den höchsten Stand seit sechs Wochen stiegen.",موجة الحر وأزمة هرمز ترفعان أسعار الكهرباء في اليابان لأعلى مستوى في 6 أسابيع,ترفع موجة حر استهلاك الكهرباء في اليابان، فيما تضغط اضطرابات هرمز وصعود أسعار الغاز المسال على كلفة التوليد، لتقفز الأسعار الفورية 64% إلى أعلى مستوى في 6 أسابيع.,"The heat wave and Hormuz crisis raise electricity prices in Japan to the highest level in 6 weeks. A heat wave raises electricity consumption in Japan, while the Hormuz unrest and rising liquefied gas prices put pressure on the cost of generation, with spot prices jumping 64% to the highest level in 6 weeks.","Fluctus aestus et Hormuz discrimen electricitatis pretium excitant in Iaponia ad summum gradum in 6 septimanis. Calor fluctus electricitatis consumptionem in Iaponia suscitat, dum Hormuz inquietat et surgens pretia gas liquefacta sumptum generationis premat, cum maculae pretiis 64% ad summum gradum in 6 septimanas saliendo.",https://www.aljazeera.net/ebusiness/2026/7/14/heat-hormuz-japan,https://www.aljazeera.net/wp-content/uploads/2026/07/GettyImages-2285405110-1784029866.jpg?resize=1920%2C1440,,"6 .
 20.13 ( 13 ) / 64% / .
list of 2 itemsend of list
 30 .
   ()
.
 31 9 11 / .
 .
 10% .
 27% 2025 .
 / .",,2026-07-17 11:50:11+00:00,random,,,
1abfb6eeff1e69f3f4488cf8ffb16eb3,2026-07-06T10:20:11Z,Storm,عاصفة,arabic.cnn.com,ar,0.9,Analyse: Wie löste Trumps Intervention nach Baloguns Rauswurf einen politischen Sturm bei der Weltmeisterschaft aus? 24 Tage lang schien der Weltmeisterschaft im Jahr 2026 in den USA eine seltene Leistung gelungen zu sein; Es hatte fast nichts mit Präsident Donald Trump zu tun.,تحليل.. كيف أشعل تدخل ترامب عاصفة سياسية في كأس العالم بعد طرد بالوغون؟,على مدار 24 يومًا، بدا أن بطولة كأس العالم قد حققت إنجازًا نادرًا في الولايات المتحدة عام 2026؛ إذ لم يكن لها أي علاقة تقريبًا بالرئيس دونالد ترامب.,"Analysis: How did Trump’s intervention ignite a political storm at the World Cup after Balogun’s expulsion? For 24 days, the World Cup seemed to have achieved a rare feat in the United States in 2026; It had almost nothing to do with President Donald Trump.","Analysis: Quomodo Trump intervenit tempestatem politicam in World Cup ignire post expulsionem Balogun? Per 24 dies, Mundus Calicem rarissimum facinus in Civitatibus Foederatis anno 2026; Is fere nihil ad rem cum Praeside Donald Trump habuit.",https://arabic.cnn.com/sport/article/2026/07/06/trumps-red-card-call-stirs-political-storm-around-world-cup,"https://cnn-arabic-images.cnn.io/cloudinary/image/upload/w_1920,h_1008,c_fill,q_auto,g_center/t_cnnarabic_watermark_logo_v5/cnnarabic/2026/07/06/images/337710.jpg",,,,2026-07-20 08:23:08+00:00,random,,,
f4e26fa8651d08bddf1f807d65072b0a,2026-07-06T21:07:04Z,Storm,عاصفة,www.aljazeera.net,ar,0.9,"Nach dem Abgang von Martinez enthüllen portugiesische Berichte den prominentesten Kandidaten für die Führung der Nationalmannschaft. Das Ausscheiden der portugiesischen Nationalmannschaft im Achtelfinale der Weltmeisterschaft 2026 durch Spanien führte zu mehreren stürmischen Entscheidungen, ohne dass mehr Zeit abgewartet werden musste.",بعد رحيل مارتينيز.. تقارير برتغالية تكشف المرشح الأبرز لقيادة المنتخب,خلّف إقصاء منتخب البرتغال في دور الـ16 من كأس العالم 2026 على يد إسبانيا عدة قرارات عاصفة دون انتظار المزيد من الوقت.,"After Martinez's departure, Portuguese reports reveal the most prominent candidate to lead the national team. The elimination of the Portuguese national team in the round of 16 of the 2026 World Cup at the hands of Spain left several stormy decisions without waiting for more time.","Post Martinez discessum, relationes Lusitanae praestantissimum candidatum ad turmam nationalem ducendam revelant. Eliminatio turmae nationalis Lusitanae in circuitu 16 Mundi 2026 apud Hispaniam in manibus Hispaniae varias decisiones turbidas reliquit, nec diutius moratus est.",https://www.aljazeera.net/sport/2026/7/7/%d8%a8%d8%b9%d8%af-%d8%b1%d8%ad%d9%8a%d9%84-%d9%85%d8%a7%d8%b1%d8%aa%d9%8a%d9%86%d9%8a%d8%b2-%d8%ac%d9%88%d8%b1%d8%ac%d9%8a-%d8%ac%d9%8a%d8%b3%d9%88%d8%b3,https://www.aljazeera.net/wp-content/uploads/2026/07/afp_6a4c37c00a08-1783379904.jpg?resize=1920%2C1440,,"2026 .
 "" "" (A Bola) 2028 2030 .
list of 2 items<ul><li>list 1 of 2 : ()</li><li>list 2 of 2 .. </li></ul>end of list
 : "" . "".
 / 2023 2022 2026.
 71 .
 ()
3 .",,2026-07-20 08:23:08+00:00,random,,,
920145d272b92fe61cc50ece0cf3cac0,2026-07-12T10:48:53Z,Storm,عاصفة,www.aljazeera.net,ar,0.9,„Die französische Nationalmannschaft ohne Franzosen.“ Rajoy löst vor dem WM-Halbfinale eine Krise aus. Rajoys Äußerungen lösen in Frankreich einen Sturm wütender Reaktionen vor der erwarteten Konfrontation mit Spanien im Halbfinale der Weltmeisterschaft 2026 aus.,"""منتخب فرنسا بدون فرنسيين"".. راخوي يشعل أزمة قبل نصف نهائي المونديال",تصريحات راخوي تثير عاصفة من ردود الفعل الغاضبة في فرنسا قبل المواجهة المرتقبة أمام إسبانيا في نصف نهائي كأس العالم عام 2026.,“The French national team without Frenchmen.” Rajoy ignites a crisis before the World Cup semi-finals. Rajoy's statements raise a storm of angry reactions in France before the expected confrontation with Spain in the semi-finals of the World Cup in 2026.,"""Manipulus Gallicus nationalis sine Gallis"". Rajoy incendit discrimen ante Mundum Calicem semi-finalinum. Rajoy constitutiones irarum motus in Gallia tempestatem excitant ante conflictationem expectatam cum Hispania in semi-finalibus Mundi Mundi anno 2026 .",https://www.aljazeera.net/sport/2026/7/12/%d9%85%d9%86%d8%aa%d8%ae%d8%a8-%d9%81%d8%b1%d9%86%d8%b3%d8%a7-%d8%a8%d8%af%d9%88%d9%86-%d9%81%d8%b1%d9%86%d8%b3%d9%8a%d9%8a%d9%86-%d8%b1%d8%a7%d8%ae%d9%88%d9%8a-%d9%8a%d8%b4%d8%b9%d9%84,https://www.aljazeera.net/wp-content/uploads/2026/07/afp_6a4e0e7a4f79-1783500410.jpg?resize=1920%2C1440,,""" "" "" "" "" "".
 "" "" (El Debate) ( ) "" "" 2026 .
list of 2 itemsend of list
 "" "" "" "".
 "" . . . "".
 "" . "".
 .
 (Horizons) "" . "" "" "".
 ( (Renaissance)) "" "" "" "".
 "" "" (BFMTV) "" "" "" "".
 2018 .
 "" … [+19 chars]",,2026-07-20 08:23:08+00:00,random,,,
2f16e1e90888e2e042356a58d50295f6,2026-07-13T11:13:52Z,Storm,عاصفة,arabic.cnn.com,ar,0.9,"Eine Fläche so groß wie Frankreich... Hurrikan Bavi fegt über China hinweg und evakuiert 2,8 Millionen Menschen. China bewertet den Schaden, der durch Taifun Bavi verursacht wurde, dem stärksten Sturm, der das Land in diesem Jahr heimgesucht hat. Mehr als 2,8 Millionen Menschen wurden von der Küste evakuiert, bevor der Sturm am Samstagabend eintraf.",مساحته تعادل فرنسا.. إعصار بافي يجتاح الصين وإجلاء 2.8 مليون شخص,تُجري الصين تقييمًا للأضرار التي خلّفها إعصار بافي، أقوى عاصفة تضرب البلاد هذا العام، إذ تم إجلاء أكثر من 2.8 مليون شخص من الساحل قبل وصول العاصفة ليل السبت.,"An area equivalent to France... Hurricane Bavi sweeps China, evacuating 2.8 million people. China is assessing the damage caused by Typhoon Bavi, the strongest storm to hit the country this year, with more than 2.8 million people evacuated from the coast before the storm arrived on Saturday night.","Area aequivalens Franciae ... Procellae Bavi Sinas rapit, 2.8 decies centena millia hominum evacuans. Sinis aestimat damnum Typhoon Bavi, tempestatem fortissimam ad patriam hoc anno feriendam, cum plus quam 2.8 miliones hominum e litore excesserint antequam tempestas nocte Sabbati advenit.",https://arabic.cnn.com/world/video/2026/07/13/v198069-typhoon-bavi-hits-china-fst-071302a-seg2,"https://cnn-arabic-images.cnn.io/cloudinary/image/upload/w_1920,h_1008,c_fill,q_auto,g_center/t_cnnarabic_watermark_logo_v5/cnnarabic/2026/07/13/images/338493.jpg",,,,2026-07-20 08:23:08+00:00,random,,,
6a61207fd2607fca493e6b1cc089135c,2026-07-16T12:15:49Z,Storm,عاصفة,www.aljazeera.net,ar,0.9,"Britischer Bericht: 31 „schmutzige Tricks“ hinter den Kulissen von Argentiniens Einzug ins WM-Finale 2026. Die Leistung der argentinischen Nationalmannschaft gegen England löste einen Sturm der Kritik in der britischen Presse aus, die von „dunklen Künsten“ sprach und der Ansicht war, dass das, was auf dem Spielfeld geschah, über einen Fußballkonflikt hinaus zu einem psychischen und physischen Kampf wurde.","تقرير بريطاني.. 31 ""حيلة قذرة"" خلف كواليس العبور الأرجنتيني لنهائي مونديال 2026","أثار أداء المنتخب الأرجنتيني أمام إنجلترا عاصفة من الانتقادات في الصحافة البريطانية، التي تحدثت عن ""الفنون المظلمة"" واعتبرت أن ما جرى داخل الملعب تجاوز الصراع الكروي إلى معركة نفسية وبدنية.","British report: 31 “dirty tricks” behind the scenes of Argentina’s passage to the 2026 World Cup final. The performance of the Argentine national team against England sparked a storm of criticism in the British press, which spoke of the “dark arts” and considered that what happened on the field went beyond a football conflict into a psychological and physical battle.","Renuntiatio Britanniae: 31 ""dolae sordidae"" post scaenae transitus Argentinae ad 2026 finalis World Cup. Exercitatio nationalis Argentinensis contra Angliam tempestatem criticae in torcular Britannico commovit, quod de ""artibus obscuris"" locutus est et consideravit id quod in campo factum est ultra eu conflictum in pugnam psychologicam et physicam transisse.",https://www.aljazeera.net/sport/2026/7/16/%d8%aa%d9%82%d8%b1%d9%8a%d8%b1-%d8%a8%d8%b1%d9%8a%d8%b7%d8%a7%d9%86%d9%8a-31-%d8%ad%d9%8a%d9%84%d8%a9-%d9%82%d8%b0%d8%b1%d8%a9-%d8%ae%d9%84%d9%81-%d9%83%d9%88%d8%a7%d9%84%d9%8a%d8%b3,https://www.aljazeera.net/wp-content/uploads/2026/07/epa_6a58f25e354d-1784214110.jpg?resize=1920%2C1440,,"(2-1) 2026 "" "" "" "" .
 31 .
list of 2 items<ul><li>list 1 of 2 .. </li><li>list 2 of 2 .. </li></ul>end of list
 : "" "" .
 - - .
 .
 - - .
 ( )
.
 .
 .
 .
 ()
.
 . .
 .
 .
 ()
: "" "".… [+13 chars]",,2026-07-20 08:23:08+00:00,random,,,
34892891e9908995ca93b72e476b5623,2026-07-08T14:20:39Z,Volcano,بركان,www.aljazeera.net,ar,0.9,"Eine 4,5 Kilometer hohe Aschewolke... Satellitenbilder überwachen den Ausbruch des Vulkans Ätna in Italien. Satellitenbilder zeigten eine dicke Wolke aus Vulkanasche, die als Folge des Vulkanausbruchs seit dem 5. Juli vom Ätna auf der italienischen Insel Sizilien aufstieg.",سحابة رماد بارتفاع 4.5 كيلومترات.. صور فضائية ترصد ثوران بركان إتنا في إيطاليا,أظهرت صور أقمار صناعية تصاعد سحابة كثيفة من الرماد البركاني من جبل إتنا في جزيرة صقلية الإيطالية، جراء ثوران بركانه منذ 5 يوليو/تموز الجاري.,"An ash cloud 4.5 kilometers high... Satellite images monitor the eruption of Etna volcano in Italy. Satellite images showed a thick cloud of volcanic ash rising from Mount Etna on the Italian island of Sicily, as a result of its volcanic eruption since July 5.","Nubes cineris 4.5 chiliometrorum altae imagines satellitae ... Monitor eruptio Aetnae vulcani in Italia. Imagines satellitae densam nubem cineris molaris e monte Aetna ortam in insula Sicilia Italiae ediderunt, ob eruptionem vulcanicam ab die 5 Iulii.",https://www.aljazeera.net/news/2026/7/8/%d8%b3%d8%ad%d8%a7%d8%a8%d8%a9-%d8%b1%d9%85%d8%a7%d8%af-%d8%a8%d8%a7%d8%b1%d8%aa%d9%81%d8%a7%d8%b9-4-5-%d9%83%d9%8a%d9%84%d9%88%d9%85%d8%aa%d8%b1%d8%a7%d8%aa-%d8%b5%d9%88%d8%b1,https://www.aljazeera.net/wp-content/uploads/2026/07/afp_6a4e4e29e73c-1783516713.jpg?resize=1920%2C1440,,"(Etna) .
 5 / .
list of 3 itemsend of list
 2 5 / .
 5 / .
 1.5 . 4500 .
 6 / .
 7 / """" .
 .
 3320 .",,2026-07-21 03:55:09+00:00,random,,,
d24358c7dbb0de1c3d98cd74ad649f90,2026-07-18T05:34:58Z,Volcano,ثوران بركان,www.aljazeera.net,ar,0.9,"Die Erdkruste verdauen und eine mysteriöse Substanz ausstoßen ... Der Vulkan Medina überrascht Wissenschaftler. Eine aktuelle Studie ergab, dass der Ausbruch des Vulkans Harrat Rahat im Westen Saudi-Arabiens vor etwa 700 Jahren dazu führte, dass das vulkanische Magma Teile der Kruste verdaut und sie dann in Form einer seltsamen Substanz, den sogenannten „Xenopomen“, ausspuckt.",هضم القشرة الأرضية فتجشأ مادة غامضة.. بركان المدينة المنورة يفاجئ العلماء,"كشفت دراسة حديثة أن ثوران بركان حرة رهط غرب السعودية قبل نحو 700 عام، تسبب في هضم صهارة البركان لأجزاء من القشرة، ثم تجشؤها في صورة مادة غريبة، تسمى ""زينوبوميس"".","Digesting the Earth's crust and belching out a mysterious substance... The Medina volcano surprises scientists. A recent study revealed that the eruption of the Harrat Rahat volcano in western Saudi Arabia about 700 years ago caused the volcanic magma to digest parts of the crust, then belch them out in the form of a strange substance, called “xenopomes.”","Terrae crustam concoquens et arcanam eructans substantiam... Medina vulcano phisicis obrepserit. Recens studium declaravit eruptionem Harrat Rahat vulcani in Arabia Saudiana occidentali circiter 700 annos magma molaris partes crustae concoquere effecisse, deinde eructare in formam alienae substantiae, quae ""xenopomes appellatur.""",https://www.aljazeera.net/science/2026/7/18/%d9%87%d8%b6%d9%85-%d8%a7%d9%84%d9%82%d8%b4%d8%b1%d8%a9-%d8%a7%d9%84%d8%a3%d8%b1%d8%b6%d9%8a%d8%a9-%d9%81%d8%aa%d8%ac%d8%b4%d8%a3-%d9%85%d8%a7%d8%af%d8%a9-%d8%ba%d8%a7%d9%85%d8%b6%d8%a9,https://www.aljazeera.net/wp-content/uploads/2026/07/blb-4-1784331538.webp?resize=1200%2C675,,"700 .
 1256 "" "" (Journal of Volcanology and Geothermal Research) """".
 """" """" ( ) "" "".
 """" "" "" .
 22 968 () 27 20 7 """" .
 1256 ( )
"" "" "" "" ( ) "" "" "" "" .
 """" 71 75% 46 54% .
 () .
 .
 () .
 ""… [+35 chars]",,2026-07-21 03:55:09+00:00,random,,,
e4d9e9b8052c6b365aa34afeefd7da17,2026-07-20T15:02:01Z,Heat Wave,موجة الحر,www.aljazeera.net,ar,0.9,"Das Observatorium zeichnet den Schauplatz der historischen Rebellion im Kongress gegen die Unterstützung Israels auf. In der „Al-Marsad“-Folge wurde die eskalierende Spaltung innerhalb des Kongresses hinsichtlich der Unterstützung Israels, der Verschärfung des marschierenden Krieges zwischen Russland und der Ukraine und den Auswirkungen der Hitzewelle in Europa als Indikatoren für beschleunigte Veränderungen in Politik, Sicherheit und Klima beobachtet.","""المرصد"" يرسم مشهد التمرد التاريخي بالكونغرس على دعم إسرائيل","رصدت حلقة ""المرصد"" تصاعد الانقسام داخل الكونغرس بشأن دعم إسرائيل، واحتدام حرب المسيرات بين روسيا وأوكرانيا، وتداعيات موجة الحر في أوروبا، باعتبارها مؤشرات على تحولات متسارعة في السياسة والأمن والمناخ.","The Observatory charts the scene of the historic rebellion in Congress against support for Israel. The ""Al-Marsad"" episode monitored the escalating division within Congress regarding support for Israel, the intensification of the marching war between Russia and Ukraine, and the repercussions of the heat wave in Europe, as indicators of accelerating transformations in politics, security, and climate.","The Observatory charts the scene of the historic rebellion in Congress against support for Israel. Eventus ""Al-Marsad"" viverra divisionem in Congressu de subsidio pro Israel admonuit, intensio profectionis belli inter Russiam et Ucrainam, et repercussiones aestus in Europa, ut indices accelerandi mutationum in re politica, securitate, et climate.",https://www.aljazeera.net/video/the-observatory/2026/7/20/%d8%a7%d9%84%d9%85%d8%b1%d8%b5%d8%af-%d9%8a%d8%aa%d8%a7%d8%a8%d8%b9-%d8%a7%d9%84%d8%aa%d9%85%d8%b1%d8%af-%d8%a7%d9%84%d8%aa%d8%a7%d8%b1%d9%8a%d8%ae%d9%8a,https://www.aljazeera.net/wp-content/uploads/2026/07/image-1784568919.jpg?resize=1920%2C1080&quality=80,,""""" 20 / 2026 .
 .
list of 4 items<ul><li>list 1 of 4</li><li>list 2 of 4</li><li>list 3 of 4.. </li><li>list 4 of 4 .. </li></ul>end of list
 103 3.5 .
 2027 .
 .
 .
 .
 .
 .
 """" .
 .
 .… [+11 chars]",,2026-07-22 12:12:41+00:00,random,,,
911575a924e5f39a84950bcedbea8265,2026-07-21T12:00:00Z,Storm,عاصفة إسرائيل,www.aljazeera.net,ar,0.9,"„Sie sind für Israel gestorben.“ Ein Sturm der Wut in Amerika nach der Tötung von Soldaten in Jordanien. Die Tötung amerikanischer Soldaten in Jordanien und im Irak löste auf den Social-Media-Plattformen in Amerika große Empörung aus, da Blogger und Politiker der Regierung vorwarfen, junge Menschen als Treibstoff für den Krieg zu opfern, um Israel und die Interessen der Eliten zu schützen. Die Zahl der Todesopfer stieg auf 17.","""ماتوا لأجل إسرائيل"".. عاصفة غضب بأمريكا بعد مقتل الجنود في الأردن",أثار مقتل جنود أمريكيين في الأردن والعراق غضبا واسعا على منصات التواصل في أمريكا، حيث اتهم مدونون وسياسيون الإدارة بالتضحية بالشباب كوقود حرب لحماية إسرائيل ومصالح النخب، مع ارتفاع حصيلة القتلى إلى 17.,"“They died for Israel.” A storm of anger in America after the killing of soldiers in Jordan. The killing of American soldiers in Jordan and Iraq sparked widespread anger on social media platforms in America, as bloggers and politicians accused the administration of sacrificing young people as fuel for war to protect Israel and the interests of the elites, with the death toll rising to 17.","Mortui sunt pro Israel. Procella irae in America post caedem militum in Iordane. Occisio militum Americanorum in Iordane et Iraquia late iram divulgavit de instrumentis socialibus in America, ut bloggers et politici accusabant administrationem iuvenum immolandorum pro fomite belli ad defendendum Israel et commodis delectorum, cum theloneo mortis ad orientem usque ad XVII.",https://www.aljazeera.net/news/2026/7/21/%d9%85%d8%a7%d8%aa%d9%88%d8%a7-%d9%84%d8%a3%d8%ac%d9%84-%d8%a5%d8%b3%d8%b1%d8%a7%d8%a6%d9%8a%d9%84-%d8%b9%d8%a7%d8%b5%d9%81%d8%a9-%d8%ba%d8%b6%d8%a8-%d8%a8%d8%a3%d9%85%d8%b1%d9%8a%d9%83%d8%a7,https://www.aljazeera.net/wp-content/uploads/2026/07/124-1784633603.jpg?resize=1920%2C1280&quality=80,,".
 19 "" "" 17 .
 .
list of 2 itemsend of list
 "" "" : "" .. "".
 "" "" : "" . "".
 "" "" : "" ! .. !"".
 "" "" "" "".
: "" "".
 "" "" : "" .. "".
 : "" .. "".
 : "" () "" : "" "".
 "" "" "" "". / .
 "" "" "" "".
 "" "" (Mar… [+48 chars]",,2026-07-22 21:36:19+00:00,wmo,Israel,MED,Asia
3a2f6068872ce3ce59ab8e347d8c4f21,2026-07-11T15:15:40Z,Wildfire,حرائق الغابات,arabic.cnn.com,ar,0.9,"Die gewalttätigste seit 20 Jahren... Tote und Vermisste, als sich Waldbrände in Spanien ausbreiteten. Die spanischen Behörden evakuierten Bewohner aus ihren Häusern und kämpften gleichzeitig gegen die tödlichsten Waldbrände seit mehr als zwanzig Jahren. Beamte sagen, dass das Feuer mindestens zwölf Menschen das Leben gekostet hat, während 23 weitere noch vermisst werden.",الأعنف منذ 20 عامًا.. قتلى ومفقودون مع انتشار حرائق الغابات في إسبانيا,أجلت السلطات الإسبانية سكانًا من منازلهم وسط مكافحة أعنف حرائق الغابات التي تشهدها منذ أكثر من عشرين عامًا. ويقول مسؤولون إن الحريق أودى بحياة 12 شخصًا على الأقل، بينما لا يزال 23 آخرون في عداد المفقودين.,"The most violent in 20 years... dead and missing as forest fires spread in Spain. Spanish authorities evacuated residents from their homes while fighting the deadliest forest fires seen in more than twenty years. Officials say the fire has claimed the lives of at least 12 people, while 23 others are still missing.","Acerrima per XX annos ... mortua et absentis incendia silvae in Hispania diffusa sunt. Auctoritates Hispaniae incolas e sedibus suis decesserunt cum incendiis silvestribus maximos pugnantibus plus viginti annis visi sunt. Magistratus dicunt ignem vitam saltem 12 hominum vindicasse, cum 23 alii adhuc desint.",https://arabic.cnn.com/world/video/2026/07/11/v197965-wildfires-southern-spain,"https://cnn-arabic-images.cnn.io/cloudinary/image/upload/w_1920,h_1008,c_fill,q_auto,g_center/t_cnnarabic_watermark_logo_v5/cnnarabic/2026/07/11/images/338353.jpg",,,,2026-07-23 03:52:52+00:00,random,,,
fa9f6f5627fb94fb84eba6d0bcb858f2,2026-07-12T08:41:41Z,Wildfire,حرائق الغابات,arabic.cnn.com,ar,0.9,"12 Menschen starben auf der Flucht... Verkohlte Autos offenbaren die Tragödie der Waldbrände in Spanien. Behörden in der spanischen Stadt Almeria berichteten, dass mindestens zwölf Menschen getötet wurden, nachdem sie versuchten, mit ihren Autos vor einem verheerenden Waldbrand zu fliehen, obwohl die spanischen Behörden angeordnet hatten, keine Evakuierung mit Fahrzeugen durchzuführen.",12 شخصًا لقوا حتفهم أثناء الفرار.. سيارات متفحمة تكشف مأساة حرائق الغابات في إسبانيا,أفادت السلطات في مدينة ألميريا الإسبانية، بمقتل 12 شخصًا على الأقل بعد محاولتهم الفرار بسياراتهم من حريق غابات مدمر، رغم الأوامر التي أصدرتها السلطات الإسبانية بعدم اللجوء إلى الإخلاء باستخدام المركبات.,"12 people died while fleeing... Charred cars reveal the tragedy of forest fires in Spain. Authorities in the Spanish city of Almeria reported that at least 12 people were killed after they attempted to flee a devastating forest fire in their cars, despite orders issued by the Spanish authorities not to resort to evacuation using vehicles.","12 homines fugientes mortui sunt... Carros aestuarios in Hispania ignes silvarum tragoediam ostendunt. Auctoritates in urbe Almeria Hispaniae nuntiaverunt saltem duodecim homines occisos esse postquam incendium silvestre vastatum in carros fugere conabantur, quamquam iussus ab Hispanis latis non vehiculis utentibus evacuandis uti.",https://arabic.cnn.com/world/video/2026/07/12/v198008-burned-cars-left-behind-by-victims-of-spains-deadly-wildfire-digvid-vrtc,"https://cnn-arabic-images.cnn.io/cloudinary/image/upload/w_1920,h_1008,c_fill,q_auto,g_center/t_cnnarabic_watermark_logo_v5/cnnarabic/2026/07/12/images/338400.jpg",,,,2026-07-23 03:52:52+00:00,random,,,
6c6b0dd2230322cab21e23b1ebf30419,2026-07-13T19:06:39Z,Wildfire,حرائق الغابات,arabic.cnn.com,ar,0.9,"Sehen Sie... Flugzeuge sammeln Wasser aus der Seine in Paris, um Waldbrände zu bekämpfen. Während vor Paris Waldbrände wüten, sammeln Löschflugzeuge Wasser aus der Seine, um die Flammen zu bekämpfen. CNN-Korrespondentin Melissa Bell bringt Ihnen den Bericht aus der französischen Stadt Chartres.",شاهد.. طائرات تجمع المياه من نهر السين في باريس لمكافحة حرائق الغابات,مع اشتعال حرائق الغابات خارج باريس، تقوم طائرات الإطفاء بجمع المياه من نهر السين لمكافحة النيران. مراسلة CNN، ميليسا بيل، تنقل لكم التقرير من مدينة شارترت الفرنسية.,"Watch.. Planes collect water from the Seine River in Paris to fight forest fires. As forest fires rage outside Paris, firefighting planes collect water from the Seine River to fight the flames. CNN correspondent Melissa Bell brings you the report from the French city of Chartres.","Vigilate. Plana aquam ex Sequana flumine Paris ad ignes silvarum pugnant. Sicut ignes silvae extra Paris furentes, plana incendia aquam e Sequana fluvio ad flammas pugnandas colligunt. Rhoncus correspondens Melissa Campana tibi defert relationem de civitate Gallica Carnotensi.",https://arabic.cnn.com/world/video/2026/07/13/v198088-planes-scoop-water-from-river-seine-wildfires-digvid,"https://cnn-arabic-images.cnn.io/cloudinary/image/upload/w_1920,h_1008,c_fill,q_auto,g_center/t_cnnarabic_watermark_logo_v5/cnnarabic/2026/07/13/images/338526.jpg",,,,2026-07-23 03:52:52+00:00,random,,,
748fc3744c12e93c6df42f1d44cb3fa2,2026-07-15T13:28:10Z,Fog,ضباب كندا,arabic.cnn.com,ar,0.9,"Beobachten Sie aus dem Weltraum, wie eine riesige Rauchwolke die Grenze von Kanada nach Amerika überquert. Es wird erwartet, dass massive, wütende Waldbrände in Kanada den Rauch von der Region der Großen Seen bis in die Mittelatlantikregion ausbreiten, was zu nebligen Himmeln und atemberaubenden Sonnenuntergängen sowie möglicherweise zu einer Verschlechterung der Luftqualität führt.",شاهد من الفضاء سحابة دخان هائلة تعبر الحدود من كندا إلى أمريكا,من المتوقع أن تؤدي حرائق الغابات الهائلة والمندلعة بقوة في كندا إلى انتشار الدخان من منطقة البحيرات العظمى وصولاً إلى منطقة وسط المحيط الأطلسي، مما سيخلق أجواءً ضبابية ومشاهد خلابة عند الغروب، فضلاً عن احتمالية تدهور جودة الهواء.,"Watch from space a huge cloud of smoke crossing the border from Canada to America. Massive, raging wildfires in Canada are expected to spread smoke from the Great Lakes region all the way to the mid-Atlantic region, creating hazy skies and stunning sunset views, as well as potentially deteriorating air quality.","Vigilate ex spatio ingens nubes fumi transiens fines ex Canada in Americam. Ingentes, saevi ignes in Canada exspectantur ut fumus diffundatur e regione Magna Lacuum usque ad mediam regionem Atlanticam, caelum caliginosum et aspectum solis occasum creans, ac potentia corrumpens qualitatem aeris.",https://arabic.cnn.com/science-and-health/video/2026/07/15/v198196-canadian-wildfire-smoke-drifts-into-the-us-cnn,"https://cnn-arabic-images.cnn.io/cloudinary/image/upload/w_1920,h_1008,c_fill,q_auto,g_center/t_cnnarabic_watermark_logo_v5/cnnarabic/2026/07/15/images/338711.jpg",,,,2026-07-23 03:52:52+00:00,wmo,Canada,NEN,North-America
2e2a0f1c14cc0759e9a40b635bd28af3,2026-07-15T18:05:52Z,Wildfire,حرائق الغابات,arabic.cnn.com,ar,0.9,"Inmitten der Panik der Passagiere ... Beobachten Sie, wie ein Waldbrand einen Eisenbahnwaggon in Kanada vernichtet. Flammen umzingelten einen Zug, der Bewohner evakuierte, als in der Nähe der kanadischen Provinz Ontario Waldbrände wüteten.",وسط ذعر الركاب.. شاهد حريق غابات يلتهم عربة قطار في كندا,حاصرت النيران قطارًا كان يُجلي السكان، وذلك في ظل اشتعال حرائق الغابات بالقرب من مقاطعة أونتاريو الكندية.,"Amid passengers' panic... Watch a forest fire consume a train car in Canada. Flames surrounded a train that was evacuating residents, as forest fires raged near the Canadian province of Ontario.","Inter viatores terrorem... Ignis silvarum custodibus car tramen in Canada consumit. Flammae tramen circumdederunt, quod incolas emitteret, cum incendiis silvestribus prope Canadensis provinciam Ontario saevierunt.",https://arabic.cnn.com/world/video/2026/07/15/v198255-wildfire-engulfs-train-car-in-canada,"https://cnn-arabic-images.cnn.io/cloudinary/image/upload/w_1920,h_1008,c_fill,q_auto,g_center/t_cnnarabic_watermark_logo_v5/cnnarabic/2026/07/15/images/338822.jpg",,,,2026-07-23 03:52:52+00:00,random,,,
07bbaca52cf924e9027a9754db262741,2026-07-16T12:16:00Z,Wildfire,حرائق الغابات,arabic.cnn.com,ar,0.9,"Der orangefarbene Himmel über Teilen Amerikas und Kanadas ist in Rauch aus Waldbränden gehüllt. Anhaltende Waldbrände in Kanada, von denen es in diesem Sommer mehr als 3.000 gab, haben dicke Rauchwolken über die Grenze in die Vereinigten Staaten geschickt, was in einigen Gebieten zu einem orangefarbenen Himmel führte und die Luftverschmutzung erhöhte.",سماء برتقالية اللون فوق أجزاء من أمريكا وكندا يغمرها دخان حرائق الغابات,تسببت حرائق الغابات المستمرة في كندا، والتي تجاوز عددها 3000 حريق هذا الصيف، في انتشار سحب كثيفة من الدخان عبر الحدود إلى الولايات المتحدة، ما أدى إلى ظهور سماء برتقالية اللون في بعض المناطق ورفع مستويات تلوث الهواء.,"Orange skies over parts of America and Canada are engulfed in wildfire smoke. Persistent wildfires in Canada, which numbered more than 3,000 this summer, have sent thick clouds of smoke across the border into the United States, creating orange skies in some areas and raising air pollution levels.","Orange caeli in partibus Americae et Canadae fumo igneo submersi sunt. Ignes feri perseverantes in Canada, qui plus quam 3,000 hac aestate numeraverunt, densas nubes fumi trans fines in Civitatibus Foederatis miserunt, aurantiaca caelos in nonnullis locis creantes et in gradus aeris pollutionis excitantes.",https://arabic.cnn.com/miscellaneous/video/2026/07/16/v198312-canada-wildfires-smoke-us-midwest-northeast-digvid,"https://cnn-arabic-images.cnn.io/cloudinary/image/upload/w_1920,h_1008,c_fill,q_auto,g_center/t_cnnarabic_watermark_logo_v5/cnnarabic/2026/07/16/images/338919.jpg",,,,2026-07-23 03:52:52+00:00,random,,,
eedb2cf7252de9719f63b75e42ea6753,2026-07-17T16:27:17Z,Wildfire,حرائق الغابات,arabic.cnn.com,ar,0.9,"Rauch aus kanadischen Waldbränden bedeckt große amerikanische Städte und bedroht Millionen von Einwohnern. Dicke, erstickende Rauchwolken von Waldbränden in Kanada strömen in Richtung der großen Städte an den Großen Seen sowie im Nordosten und im Mittelatlantikgebiet der Vereinigten Staaten und setzen mehr als 100 Millionen Menschen gefährlicher Luftverschmutzung aus.",دخان حرائق غابات كندا يغطي مدنًا أمريكية كبرى ويهدد ملايين السكان,تتدفق سحب كثيفة وخانقة من الدخان الناجم عن حرائق الغابات في كندا، نحو مدن كبرى في مناطق البحيرات العظمى والشمال الشرقي ووسط المحيط الأطلسي في الولايات المتحدة، مما يعرض أكثر من 100 مليون نسمة لمستويات خطيرة من تلوث الهواء.,"Smoke from Canadian wildfires covers major American cities and threatens millions of residents. Thick, choking clouds of smoke from wildfires in Canada are billowing toward major cities in the Great Lakes, Northeast and mid-Atlantic regions of the United States, exposing more than 100 million people to dangerous levels of air pollution.","Fumus e Canadian wildfires majores Americanas urbes operit et decies centena milia incolarum minatur. Crassi, nubes fumi ex incendiis in Canada suffocatis, aestuant ad urbes magnas in Lacus Maiores, septentriones et media regiones Americae Foederatae Americae, plus quam 100 miliones hominum periculosas aeris pollutione.",https://arabic.cnn.com/world/video/2026/07/17/v198390-smoke-canada-wildfire-major-us-cities,"https://cnn-arabic-images.cnn.io/cloudinary/image/upload/w_1920,h_1008,c_fill,q_auto,g_center/t_cnnarabic_watermark_logo_v5/cnnarabic/2026/07/17/images/339036.jpg",,,,2026-07-23 03:52:52+00:00,random,,,
27d2697ee7330cd7715ae357004bd8b0,2026-07-17T17:47:50Z,Wildfire,حرائق الغابات,arabic.cnn.com,ar,0.9,Wird sich der Waldbrandrauch auf das WM-Finale auswirken? Ein CNN-Korrespondent erklärt. Waldbrandrauch und schlechte Luft im Nordosten geben Anlass zur Sorge hinsichtlich des für Sonntag geplanten WM-Finales.,هل سيؤثر دخان حرائق الغابات على نهائي كأس العالم؟.. مراسل CNN يوضح,يثير دخان حرائق الغابات ورداءة الهواء في منطقة الشمال الشرقي مخاوف بشأن نهائي كأس العالم المقرر، الأحد.,Will forest fire smoke affect the World Cup final? A CNN correspondent explains. Forest fire smoke and poor air in the Northeast are raising concerns about the World Cup final scheduled for Sunday.,Num incendium silvestre fumum Mundus Calicem finalem afficit? Rhoncus correspondens interpretatur. Sylvae ignis fumum et aerem pauperem in Orientem brumalem suscitant curas de mundo Cup finali pro dominica hora scheduled.,https://arabic.cnn.com/sport/video/2026/07/17/v198395-wildfire-smoke-world-cup-final-impact-vrtc,"https://cnn-arabic-images.cnn.io/cloudinary/image/upload/w_1920,h_1008,c_fill,q_auto,g_center/t_cnnarabic_watermark_logo_v5/cnnarabic/2026/07/17/images/339040.jpg",,,,2026-07-23 03:52:52+00:00,random,,,
effa18f4797538c4e6aefb87971091f0,2026-07-18T02:46:22Z,Wildfire,حرائق الغابات,www.aljazeera.net,ar,0.9,Brände in Kanada werfen einen Schatten auf New York ... Die FIFA löst die Kontroverse um den Endtermin der Weltmeisterschaft. Die sich verschlechternde Luftqualität in New York – das Ergebnis der Rauchentwicklung von Waldbränden aus Kanada – hat Bedenken hinsichtlich des WM-Finales 2026 zwischen Spanien und Argentinien geweckt.,حرائق كندا تلقي بظلالها على نيويورك.. فيفا يحسم الجدل في موعد نهائي المونديال,أثار تدهور جودة الهواء في نيويورك - نتيجة دخان حرائق الغابات القادمة من كندا - مخاوف بشأن إقامة نهائي كأس العالم 2026 بين إسبانيا والأرجنتين.,Canada fires cast a shadow over New York... FIFA resolves the controversy over the World Cup final date. Deteriorating air quality in New York - the result of wildfire smoke coming from Canada - has raised concerns about the 2026 World Cup final between Spain and Argentina.,Canada ignes obumbraverunt New York ... FIFA controversiam de mundo Cup finalem absolvit. Qualitas aeris in Novi Eboraci degenerans - effectus fumi incendii ex Canada venientis - curas suscitavit de anno 2026 World Cup finalem inter Hispaniam et Argentinam.,https://www.aljazeera.net/sport/2026/7/18/%d8%ad%d8%b1%d8%a7%d8%a6%d9%82-%d9%83%d9%86%d8%af%d8%a7-%d8%aa%d9%84%d9%82%d9%8a-%d8%a8%d8%b8%d9%84%d8%a7%d9%84%d9%87%d8%a7-%d8%b9%d9%84%d9%89-%d9%86%d9%8a%d9%88%d9%8a%d9%88%d8%b1%d9%83,https://www.aljazeera.net/wp-content/uploads/2026/07/afp_6a5ab8c46b18-1784330436.jpg?resize=1920%2C1440,,"() 2026 .
 15 .
list of 2 itemsend of list
 .
 (MLS) .
 (OEM) "" "" .
 (NWS) .
 15 20 10 .
 .
 .",,2026-07-23 03:52:52+00:00,random,,,
8de09072a7e918bfa1abba17d9ee2574,2026-07-18T09:45:19Z,Wildfire,حرائق الغابات,arabic.cnn.com,ar,0.9,"Rauch von Kanadas Bränden bedeckt Washington. Das Kapitol verschwindet inmitten von Gesundheitswarnungen für die Bewohner. Rauch von kanadischen Waldbränden fegte am Freitagmorgen durch Washington, D.C. und verdeckte die Sicht auf das Kapitol und andere Sehenswürdigkeiten, da sich die Luftqualität verschlechterte und Beamte Anwohner und Touristen warnten, ihre Anwesenheit im Freien einzuschränken.",دخان حرائق كندا يغطي واشنطن.. الكابيتول يختفي وسط تحذيرات صحية للسكان,اجتاح دخان حرائق الغابات الكندية العاصمة واشنطن صباح الجمعة، حاجبًا الرؤية عن مبنى الكابيتول ومعالم أخرى، وذلك بالتزامن مع تدهور جودة الهواء وتحذير المسؤولين للسكان والسياح بضرورة تقليل التواجد في الهواء الطلق.,"Smoke from Canada's fires covers Washington.. The Capitol disappears amid health warnings for residents. Smoke from Canadian wildfires swept through Washington, D.C., on Friday morning, obscuring the view of the Capitol Building and other landmarks, as air quality deteriorated and officials warned residents and tourists to limit their outdoor presence.","Fumus ex incendiis Canadae Washington operit.. Capitolium inter monita salutis incolarum evanescit. Fumus e Canadian incendia ferus per Washington, D.C., die Veneris mane raptus, conspectum aedificiorum Capitolii aliorumque terminos obscurans, ut qualitas aeris depravata est, et magistratus incolas et peregrinatores monuit ut praesentiam suam circumscriberent.",https://arabic.cnn.com/science-and-health/video/2026/07/18/v198430-wildfire-smoke-covers-dc-as-officials-warn-of-health-risks,"https://cnn-arabic-images.cnn.io/cloudinary/image/upload/x_0,y_0,w_5992,h_3370,c_crop/w_1920,h_1008,c_fill,q_auto,g_center/t_cnnarabic_watermark_logo_v5/cnnarabic/2026/07/18/images/339086.jpg",,,,2026-07-23 03:52:52+00:00,random,,,
f6d8ee4ade7929be4fba04128d6233c9,2026-07-17T17:06:38Z,Heat Wave,القبة الحرارية,www.bbc.com,ar,0.9,"Der Hitzedom trifft die Länder des Maghreb: Wie reagierten die Social-Media-Seiten? Die Wetterbehörden riefen die Bürger dazu auf, sich an Präventionsrichtlinien zu halten, vor allem viel Wasser zu trinken, direkte Sonneneinstrahlung während der Hauptverkehrszeiten zu vermeiden und anstrengende körperliche Anstrengungen zu begrenzen.",القبة الحرارية تضرب بلدان المغرب الكبير: كيف تفاعلت مواقع التواصل؟,هيئات الأرصاد الجوية دعت المواطنين إلى الالتزام بإرشادات الوقاية، وفي مقدمتها الإكثار من شرب الماء، وتجنب التعرض المباشر لأشعة الشمس خلال ساعات الذروة، والحد من المجهود البدني الشاق.,"The heat dome hits the countries of the Maghreb: How did social media sites react? Meteorological authorities called on citizens to adhere to prevention guidelines, primarily drinking plenty of water, avoiding direct exposure to sunlight during peak hours, and limiting strenuous physical effort.","Calor convexus regiones Maghreb pervenit: Quomodo mediae sociales sites agunt? Auctoritates meteorologicae cives vocaverunt ad praecavendas vias praecavendas, imprimis bibentes aquarum abundantiam, vitantes directam expositionem ad solis per horas apicem, et nisum corporis strenuum limitantes.",https://www.bbc.com/arabic/articles/cp87llpl01qo,https://ichef.bbci.co.uk/news/1200/branded_arabic/fa4b/live/529a3470-81fe-11f1-a927-670d17f8e943.jpg,,"Facebook Facebook. () . Facebook . "" ""
Accept and continue",,2026-07-23 16:55:36+00:00,random,,,
50b6b0c6860ac1a5c1f0c4eac614f291,2026-07-01T05:59:20Z,Earthquake,زلزال,arabic.cnn.com,ar,0.9,"„Möge Gott Ihnen Wohlbefinden schenken.“ Der Moment, als jordanische Rettungsteams ein Kind fanden, das unter den Trümmern des venezolanischen Erdbebens gefangen war. Die amtierende venezolanische Präsidentin Delcy Rodriguez kündigte über die Telegram-Anwendung am Dienstag im Morgengrauen die Rettung eines dreijährigen Jungen in La Guaira an und beschrieb die wundersame Rettungsaktion als „Quelle der Hoffnung“ für ihr Volk.","""الله يعطيكم العافية"".. لحظة عثور فرق إنقاذ أردنية على طفل محاصر تحت أنقاض زلزال فنزويلا","أعلنت الرئيسة الفنزويلية بالإنابة، ديلسي رودريغيز، عبر تطبيق تيليغرام، عن إنقاذ طفل يبلغ من العمر 3 سنوات في لا غوايرا فجر الثلاثاء، واصفةً عملية الإنقاذ المعجزة بأنها ""مصدر أمل"" لشعبها.","“May God grant you wellness.” The moment Jordanian rescue teams found a child trapped under the rubble of the Venezuelan earthquake. Acting Venezuelan President Delcy Rodriguez announced, via the Telegram application, the rescue of a 3-year-old boy in La Guaira at dawn on Tuesday, describing the miraculous rescue operation as a “source of hope” for her people.","""Det tibi sanitatem."" momentum Iordanis iunctos liberandi puerum sub ruderibus terrae motus Venezuelani deprehensum invenit. Agens Venezuelan Praeses Delcy Rodriguez nuntiavit, per applicationem telegraphi, auxilium pueri III annorum in La Guaira in aurora die Martis, operationem miraculosam liberationem tamquam ""fons spei"" populo suo describens.",https://arabic.cnn.com/world/video/2026/07/01/v197224-three-year-old-boy-venezuela-rubble-digvid,"https://cnn-arabic-images.cnn.io/cloudinary/image/upload/w_1920,h_1008,c_fill,q_auto,g_center/t_cnnarabic_watermark_logo_v5/cnnarabic/2026/07/01/images/337153.jpg",,,,2026-07-25 11:41:38+00:00,random,,,
a80508448e8c0d9c8408e4e1acbb0927,2026-07-02T14:05:28Z,Earthquake,زلزال فنزويلا,www.bbc.com,ar,0.9,"Wie gelang es einem jordanischen Team, nach sechs Tagen unter den Trümmern ein Kind aus den Trümmern des venezolanischen Erdbebens zu retten? Das jordanische internationale Such- und Rettungsteam rettete ein venezolanisches Kind nach sechs Tagen unter den Trümmern – eine Operation, die die amtierende venezolanische Präsidentin Delcy Rodriguez als „Wunder“ bezeichnete.",بعد ستة أيام تحت الأنقاض، كيف نجح فريق أردني في إنقاذ طفل من بين ركام زلزال فنزويلا؟,"أنقذ الفريق الدولي الأردني للبحث والإنقاذ طفلاً فنزويلياً بعد ستة أيام تحت الأنقاض، في عملية وصفتها الرئيسة الفنزويلية بالإنابة ديلسي رودريغيز بـ""المعجزة"".","After six days under the rubble, how did a Jordanian team succeed in rescuing a child from the rubble of the Venezuelan earthquake? The Jordanian International Search and Rescue Team rescued a Venezuelan child after six days under the rubble, in an operation that Acting Venezuelan President Delcy Rodriguez described as a “miracle.”","Post sex dies sub ruderibus, quomodo turma Iordanis consecuta est puerum ex ruderibus terrae motus Venezuelani liberandum? Iordanis Internationalis Inquisitio et Libera Team eripuit puerum Venezuelan post sex dies sub ruderibus, in operatione quam Praeses Venezuelan Delcy Rodriguez agens ""miraculum"" descripsit.",https://www.bbc.com/arabic/articles/c4gyld76rgeo,https://ichef.bbci.co.uk/news/1200/branded_arabic/f96f/live/3726cbc0-761b-11f1-ac6e-25f7e4f0c9b9.jpg,,Facebook/JordanPublicSecurity,,2026-07-25 11:41:38+00:00,usgs,Venezuela,NSA,South-America
6a137c64fa3625ae344eb2197016248a,2026-07-02T20:05:45Z,Earthquake,زلزال,arabic.cnn.com,ar,0.9,"Eine Mission für Rettungshunde: Überlebende des Erdbebens in Venezuela finden. Als nach verheerenden Erdbeben internationale Rettungsteams in Venezuela eintrafen, erwiesen sich Rettungshunde als Helden. Mehr als 100 Hunde unterstützen Such- und Rettungsteams aus Ländern wie Spanien, Mexiko und Peru.",مهمة واحدة لكلاب الإنقاذ: العثور على ناجين من زلزال فنزويلا,مع وصول فرق الإنقاذ الدولية إلى فنزويلا عقب الزلازل المدمرة، برزت كلاب الإنقاذ كأبطال. يساعد أكثر من 100 كلب فرق البحث والإنقاذ من دول من بينها إسبانيا والمكسيك وبيرو.,"One mission for rescue dogs: to find survivors of the Venezuela earthquake. As international rescue teams arrive in Venezuela following devastating earthquakes, rescue dogs have emerged as heroes. More than 100 dogs are helping search and rescue teams from countries including Spain, Mexico and Peru.","Una missio ad liberandum canes: ad residuos terrae motus Venetiolae inveniendum. Partes liberandae internationales in Venezuela perveniunt sequentes terrae motus vastantes, canes heroum evaserunt liberandi. Plus quam 100 canes adiuvant inquisitionem et liberationem iunctionis e terris in Hispania, Mexico et Peruvia.",https://arabic.cnn.com/world/video/2026/07/03/v197342-rescue-dogs-venezuela-earthquake-vrtc-ldn-digvid,"https://cnn-arabic-images.cnn.io/cloudinary/image/upload/w_1920,h_1008,c_fill,q_auto,g_center/t_cnnarabic_watermark_logo_v5/cnnarabic/2026/07/03/images/337363.jpg",,,,2026-07-25 11:41:38+00:00,random,,,
f09ccb0515e1b184e8834fd55e605c5d,2026-07-03T11:57:00Z,Earthquake,زلزال,arabic.cnn.com,ar,0.9,"Von der Deportation aus Amerika zu den Ruinen Stunden später ... eine harte Reise für einen Überlebenden des Erdbebens in Venezuela. Ninoska Gutierrez, 45, beschreibt detailliert ihr Überleben bei den beiden Erdbeben, die Venezuela erschütterten, nur wenige Stunden nachdem sie von der US-Einwanderungs- und Zollbehörde (ICE) aus den Vereinigten Staaten abgeschoben wurde.",من الترحيل من أمريكا إلى الأنقاض بعدها بساعات.. رحلة قاسية لناجية من زلزال فنزويلا,تروي نينوسكا غوتيريز، البالغة من العمر 45 عامًا، تفاصيل نجاتها من الزلزالين اللذين ضربا فنزويلا، بعد ساعات فقط من ترحيلها من الولايات المتحدة من قبل إدارة الهجرة والجمارك الأمريكية (ICE).,"From deportation from America to the ruins hours later...a harsh journey for a survivor of the Venezuelan earthquake. Ninoska Gutierrez, 45, details her survival of the two earthquakes that struck Venezuela, just hours after she was deported from the United States by US Immigration and Customs Enforcement (ICE).","Ex deportatione ex America ad ruinas horarum ... iter durum est ad superstitem terrae motus Venezuelani. Ninoska Gutierrez 45, salvos duorum motuum qui Venezuela percussit, horarum proxime postquam ex Civitatibus Foederatis US Immigrationem et Consuetudines Effectus (ICE) deportavit.",https://arabic.cnn.com/world/video/2026/07/03/v197385-earthquake-trapped-venezuela-ice-immigration-survivor-digvid,"https://cnn-arabic-images.cnn.io/cloudinary/image/upload/w_1920,h_1008,c_fill,q_auto,g_center/t_cnnarabic_watermark_logo_v5/cnnarabic/2026/07/03/images/337428.jpg",,,,2026-07-25 11:41:38+00:00,random,,,
6614d37db1897f5e5039430f35414986,2026-07-03T13:40:11Z,Earthquake,زلزال,arabic.cnn.com,ar,0.9,"Modi droht ein politisches Erdbeben. Ein Korruptionsskandal in einem Tempel, den er auf den Ruinen einer Moschee errichtet hat, könnte seiner Wahlzukunft schaden. Der mutmaßliche Spendendiebstahl im historischen Ram-Tempel in Ayodhya hat die prominentesten Projekte von Premierminister Narendra Modi in den Schatten gestellt und den Ruf seiner Partei vor den entscheidenden Landtagswahlen gefährdet.",زلزال سياسي يهدد مودي.. فضيحة فساد في معبد بناه على أنقاض مسجد قد تضر بمستقبله الانتخابي,ألقت السرقة المزعومة للتبرعات داخل معبد رام التاريخي في أيوديا بظلالها على أبرز مشاريع رئيس الوزراء ناريندرا مودي، مُهددةً سمعة حزبه قبل انتخابات الولايات الحاسمة.,"A political earthquake threatens Modi. A corruption scandal in a temple he built on the ruins of a mosque may harm his electoral future. The alleged theft of donations inside the historic Ram temple in Ayodhya has cast a pall over Prime Minister Narendra Modi's most prominent projects, threatening his party's reputation ahead of crucial state elections.","Terraemotus politicus Modi minatur. Scandalum corruptio in templo, quod in ruinis ulti- mum aedificatum est, comitiorum suorum futurum nocere potest. Assertum furtum donationum intra templum Ram historicum in Ayodhya pallium eiecit in primo ministro Narendra Modi incepta eminentissima, minatus famam factionis suae ante comitia publica crucialorum.",https://arabic.cnn.com/world/article/2026/07/03/ram-temple-donations-theft-modi-mogul-digvid,"https://cnn-arabic-images.cnn.io/cloudinary/image/upload/w_1920,h_1008,c_fill,q_auto,g_center/t_cnnarabic_watermark_logo_v5/cnnarabic/2026/07/03/images/337434.jpg",,,,2026-07-25 11:41:38+00:00,random,,,
c17fcd8a3975e2f45b30884a30bbaa3c,2026-07-08T13:06:45Z,Earthquake,زلزال,arabic.cnn.com,ar,0.9,"Sehen Sie sich die Beerdigung unbekannter Opfer nach dem verheerenden Erdbeben in Venezuela an. Das Video zeigt Dutzende Särge, die am Montag auf einem Friedhof im Norden Venezuelas aufgereiht sind, während Arbeiter Opfer zweier starker Erdbeben begraben, die das Land im Juni heimgesucht haben.",شاهد.. دفن ضحايا مجهولي الهوية بعد زلزال فنزويلا المدمر,يُظهر مقطع فيديو عشرات التوابيت مصطفة في مقبرة بشمال فنزويلا يوم الاثنين، حيث يقوم العمال بدفن ضحايا زلزالين قويين ضربا البلاد في يونيو/حزيران.,"Watch...the burial of unidentified victims after the devastating Venezuelan earthquake. Video shows dozens of coffins lined up in a cemetery in northern Venezuela on Monday, as workers bury victims of two powerful earthquakes that struck the country in June.","Vigilia... sepulturae victimarum unidentificatarum post vastitatem terrae motus Venezuelan. Video ostendit justo loculorum in coemeterio in Venezuela septentrionali die Lunae instruxit, ut operarii victimas duorum potentium terrae motuum sepelirent qui mense Iunio percusserunt.",https://arabic.cnn.com/world/video/2026/07/08/v197678-workers-bury-unidentified-victims-of-venezuelan-earthquakes,"https://cnn-arabic-images.cnn.io/cloudinary/image/upload/w_1920,h_1008,c_fill,q_auto,g_center/t_cnnarabic_watermark_logo_v5/cnnarabic/2026/07/07/images/337912.jpg",,,,2026-07-25 11:41:38+00:00,random,,,
e8b8f15342ae3161c68036757604652e,2026-07-17T16:58:16Z,Earthquake,زلزال,arabic.cnn.com,ar,0.9,"Ein Erdbeben der Stärke 7,3 erschüttert Mexiko und erschüttert Guatemala und El Salvador. Ein starkes Erdbeben erschütterte am Freitag Südmexiko und seine Erschütterungen breiteten sich auf Guatemala und El Salvador aus. Der US Geological Survey schätzte die anfängliche Stärke auf der Richterskala auf 7,3.",زلزال بقوة 7.3 درجة يضرب المكسيك ويهز غواتيمالا والسلفادور,ضرب زلزال قوي جنوب المكسيك، الجمعة، وامتدت هزاته إلى كل من غواتيمالا والسلفادور، فيما قدّرت هيئة المسح الجيولوجي الأمريكية قوته الأولية بـ7.3 درجة على مقياس ريختر.,"A 7.3 magnitude earthquake strikes Mexico and shakes Guatemala and El Salvador. A strong earthquake struck southern Mexico on Friday, and its tremors spread to Guatemala and El Salvador, while the US Geological Survey estimated its initial magnitude at 7.3 on the Richter scale.","Magnitudo terrae motus Mexicum percellit et Guatimalia et Salvatoria commovet. Terrae motus validus die Veneris meridionali Mexicum percussit et tremores eius ad Guatemala et El Salvador divulgaverunt, cum US Geological Survey magnitudinem initialem 7.3 in scala Richter aestimavit.",https://arabic.cnn.com/world/article/2026/07/17/powerful-earthquake-mexico-shakes-guatemala-el-salvador,"https://cnn-arabic-images.cnn.io/cloudinary/image/upload/w_1920,h_1008,c_fill,q_auto,g_center/t_cnnarabic_watermark_logo_v5/cnnarabic/2026/07/17/images/339037.jpg",,,,2026-07-25 11:41:38+00:00,random,,,
9c68d380983fd1dcc890a99138cf38ab,2026-07-24T08:30:31Z,Earthquake,زلزال,iphoneislam.com,ar,0.9,"Ein Erdbeben in der Mac-Welt: Apple bereitet die Erneuerung seiner gesamten Flotte mit 11 neuen Modellen vor! Der Journalist Mark Gurman enthüllte einen sehr ehrgeizigen Plan von Apple, alle Mac-Geräte in den nächsten zwei Jahren durch 11 neue Modelle zu erneuern. Der Plan sieht die Einführung eines MacBook Pro mit einem M6-Chip und neuer iMac-Geräte vor, was zu einem historischen Sprung führt, der durch ein MacBook Pro mit einem OLED-Bildschirm repräsentiert wird, der Touch-by-Touch unterstützt.",زلزال في عالم الماك: آبل تستعد لتجديد أسطولها بالكامل بـ 11 طرازاً جديداً!,كشف الصحفي مارك جورمان عن خارطة طريق طموحة للغاية من آبل لتجديد جميع أجهزة الماك خلال العامين القادمين عبر 11 طرازاً جديداً. تشمل الخطة إطلاق ماك بوك برو بشريحة M6، وأجهزة آي ماك جديدة، وصولاً إلى قفزة تاريخية تتمثل في ماك بوك برو بشاشة OLED تدعم اللمس بحلول …,"An earthquake in the Mac world: Apple is preparing to renew its entire fleet with 11 new models! Journalist Mark Gurman revealed a very ambitious roadmap from Apple to renew all Mac devices over the next two years through 11 new models. The plan includes launching a MacBook Pro with an M6 chip, and new iMac devices, leading to a historic leap represented by a MacBook Pro with an OLED screen that supports touch by…",Terrae motus in Mac mundo: Lacus totam classem cum 11 novis exemplaribus renovare parat! Diurnarius Mark Gurman nimis ambitiosus viarum tabularum Apple patefecit ut omnes machinas Mac proximos per duos annos per 11 nova exempla renovaret. Consilium MacBook Pro cum chip M6 deducendo et novas machinas iMac deducendas inducit ad saltum historicum per MacBook Pro perductum cum screen OLED quae tactum sustinet…,https://iphoneislam.com/2026/07/apple-mac-lineup-overhaul-11-new-models/169506,https://iphoneislam.com/wp-content/uploads/2026/07/wwdc26-64-lifestyle-family-imac-1536x922-1.jpg,,". 11 .
: 2026 M6
 2026 M6. 14 ( ) J804 .
J833 J834. .
: OLED !
 ( 14 16 ) 2026 2027. OLED ! M5 Pro M5 Max ( K114 K116) macOS 27.1.
OLED OLED 2028 OLED . LCD .
: 
 . . M5 Pro M6 M5 Max M5 Ultr… [+61 chars]",,2026-07-25 11:41:38+00:00,random,,,
071403419bfc3b46ae16873967b0ee60,2026-07-20T20:06:04Z,Heat Wave,الحرارة,sarabic.ae,ar,0.9,"Experten warnen: Das El Niño-Phänomen erhöht die Waldbrandgefahr in Marokko und mobilisiert Interventionsmechanismen. In vielen Regionen Marokkos und Algeriens kam es in den letzten Tagen aufgrund der hohen Temperaturen zu Bränden, da während der Sommersaison eine Zunahme der Brände angekündigt wurde.","خبراء يحذرون: ظاهرة ""النينيو"" ترفع مخاطر حرائق الغابات في المغرب وتستنفر آليات التدخل",شهدت العديد من المناطق في المغرب والجزائر نشوب حرائق خلال الأيام الأخيرة، بسبب ارتفاع درجات الحرارة، في ظل تحذيرات من تزايدها خلال موسم الصيف.,"Experts warn: The El Niño phenomenon raises the risk of forest fires in Morocco and mobilizes intervention mechanisms. Many regions in Morocco and Algeria have witnessed fires in recent days, due to high temperatures, in light of warnings of their increase during the summer season.","Periti monent: The El Niño phaenomenon periculum incendium silvarum in Mauritania excitat et machinationes interventus movens. Multae regiones in Mauritania et Algeria recentibus diebus ignes testati sunt, propter caliditates, attenta admonitione incrementi tempore aestatis.",https://sarabic.ae/20260720/%D8%AE%D8%A8%D8%B1%D8%A7%D8%A1-%D9%8A%D8%AD%D8%B0%D8%B1%D9%88%D9%86-%D8%B8%D8%A7%D9%87%D8%B1%D8%A9-%D8%A7%D9%84%D9%86%D9%8A%D9%86%D9%8A%D9%88-%D8%AA%D8%B1%D9%81%D8%B9-%D9%85%D8%AE%D8%A7%D8%B7%D8%B1-%D8%AD%D8%B1%D8%A7%D8%A6%D9%82-%D8%A7%D9%84%D8%BA%D8%A7%D8%A8%D8%A7%D8%AA-%D9%81%D9%8A-%D8%A7%D9%84%D9%85%D8%BA%D8%B1%D8%A8-%D9%88%D8%AA%D8%B3%D8%AA%D9%86%D9%81%D8%B1-%D8%A2%D9%84%D9%8A%D8%A7%D8%AA-%D8%A7%D9%84%D8%AA%D8%AF%D8%AE%D9%84-1115354467.html,https://cdn.img.sarabic.ae/img/07e9/06/1e/1102210053_0:119:839:591_2072x0_60_0_0_7c3941075b76cf1effb9759552b4b8d2.png.webp,,"https://sarabic.ae/20260720/-------------1115354467.html
https://cdn.img.sarabic.ae/img/07e9/06/1e/1102210053_0:119:839:591_1920x0_80_0_0_167a4eb9a24cc788e0ef119f0de08a05.png.webp
 "" "" . """": "" "". .… [+1182 chars]",,2026-07-26 11:44:45+00:00,random,,,
2d646876346a46f0f2a9e89460b7082b,2026-07-22T07:11:24Z,Wildfire,حرائق الغابات,arabic.cnn.com,ar,0.9,"Wie schützt man sich vor Waldbrandrauch und Luftverschmutzung? Millionen Amerikaner und Kanadier atmen derzeit aufgrund des Waldbrandrauchs Luft von schlechter Qualität. Hier erfahren Sie, was Sie über Masken, Beatmung und Gesunderhaltung wissen müssen.",كيف تحمي نفسك من دخان حرائق الغابات وتلوث الهواء؟,يتنفس الملايين من الأمريكيين والكنديين هواء سيئ الجودة حاليًا بسبب دخان حرائق الغابات. إليك ما تحتاج إلى معرفته عن الأقنعة والتهوية والبقاء بصحة جيدة.,"How to protect yourself from forest fire smoke and air pollution? Millions of Americans and Canadians are currently breathing poor quality air due to wildfire smoke. Here's what you need to know about masks, ventilation, and staying healthy.","Quomodo te defendes a silva ignis fumi et aeris pollutio? Ingentis Americanorum et Canadensium nunc sunt aurae qualitatem pauperum spirantes propter fumum ignem ferum. Hic quid opus est scire de larvarum, evacuatione, et de sanitate habitandi.",https://arabic.cnn.com/science-and-health/article/2026/07/22/wildfire-smoke-masks-ventilation-wellness,"https://cnn-arabic-images.cnn.io/cloudinary/image/upload/w_1920,h_1008,c_fill,q_auto,g_center/t_cnnarabic_watermark_logo_v5/cnnarabic/2026/07/21/images/339394.jpg",,,,2026-07-26 11:44:45+00:00,random,,,
67c9d9e59262ebdf9d31cf12ab92ed7b,2026-07-25T10:10:45Z,Wildfire,حرائق الغابات,arabic.cnn.com,ar,0.9,"Massive Waldbrände in ganz Frankreich zwingen Bewohner zur Evakuierung ihrer Häuser. Zehntausende Menschen wurden aufgrund der Waldbrände in Frankreich evakuiert, was Präsident Emmanuel Macron dazu veranlasste, andere Länder der Europäischen Union um Hilfe bei der Brandbekämpfung zu bitten.",حرائق غابات هائلة في أنحاء فرنسا تُجبر السكان على إخلاء منازلهم,تم إجلاء عشرات الآلاف من الأشخاص مع اشتعال حرائق الغابات في فرنسا، ما دفع الرئيس إيمانويل ماكرون إلى طلب المساعدة في مكافحة الحرائق من دول الاتحاد الأوروبي الأخرى.,"Massive forest fires across France force residents to evacuate their homes. Tens of thousands of people have been evacuated as wildfires rage in France, prompting President Emmanuel Macron to request help in fighting the fires from other European Union countries.","Ingentes silvae incolas vi ignes trans Gallias domos decedere. Decem milia hominum in Francogallia tamquam incendia ignium cessere, hortante praeside Emmanuelem Macron ut auxilium peterent in pugnando incendiis ex aliis terris Unionis Europaeae.",https://arabic.cnn.com/world/video/2026/07/25/v198885-intense-wildfires-force-evacuations-across-france-digvid-vrtc,"https://cnn-arabic-images.cnn.io/cloudinary/image/upload/w_1920,h_1008,c_fill,q_auto,g_center/t_cnnarabic_watermark_logo_v5/cnnarabic/2026/07/25/images/339736.jpg",,,,2026-07-26 11:44:45+00:00,random,,,
34694fa21c35a6a2feb4f8ceef487e97,2026-07-16T11:22:58Z,Wildfire,حرائق الغابات,www.aljazeera.net,ar,0.9,"Sehen Sie... eine Zugfahrt endet mitten in einem höllischen Wald. Waldbrände umzingelten einen Güterzug in der kanadischen Provinz Ontario, nachdem sich dessen Besatzung inmitten der Flammen befand, bevor er sicher evakuiert werden konnte und der Zugverkehr in dem betroffenen Gebiet vorübergehend eingestellt wurde.",شاهد.. رحلة قطار تنتهي وسط غابة من الجحيم,حاصرت حرائق الغابات قطار شحن في مقاطعة أونتاريو الكندية، بعدما وجد طاقمه نفسه وسط ألسنة اللهب، قبل إجلائه بسلام وتعليق حركة القطارات مؤقتا في المنطقة المتضررة.,"Watch... a train journey ends in the middle of a forest of hell. Forest fires surrounded a freight train in the Canadian province of Ontario, after its crew found themselves in the midst of flames, before it was safely evacuated and train traffic was temporarily suspended in the affected area.","Vigilate... iter tramen terminatur in media silva inferni. Incendia silvae onerariam in Canadensis provincia Ontario circumdederunt, postquam nautae in medio flammarum se invenerunt, antequam tutus emissus erat et negotiatio traminis in area ad tempus suspensus erat.",https://www.aljazeera.net/misc/2026/7/16/%d8%b4%d8%a7%d9%87%d8%af-%d8%b1%d8%ad%d9%84%d8%a9-%d9%82%d8%b7%d8%a7%d8%b1-%d8%aa%d9%86%d8%aa%d9%87%d9%8a-%d9%88%d8%b3%d8%b7-%d8%ba%d8%a7%d8%a8%d8%a9-%d9%85%d9%86,https://www.aljazeera.net/wp-content/uploads/2026/07/567567-1784209978.jpg?resize=1920%2C1280&quality=80,,"(CN Rail) .
 : "" "".
list of 2 itemsend of list
 .
 .
 .
 "" "".
 .
 .
 .",,2026-07-27 17:16:42+00:00,random,,,
ecddbbd23c13a651d15d6ee6eaea0e8d,2026-07-25T13:00:28Z,Wildfire,حرائق الغابات,arabic.cnn.com,ar,0.9,"Spanien befindet sich in einem Wettlauf mit der Zeit, um Waldbrände einzudämmen, nachdem es den nationalen Notstand ausgerufen hat. Spanien hat aufgrund von Waldbränden den ersten nationalen Notstand dieser Art ausgerufen, während Feuerwehrleute in den zentralen und nordöstlichen Regionen gegen die Flammen kämpfen.",إسبانيا في سباق مع الزمن لاحتواء حرائق الغابات بعد إعلان حالة الطوارئ الوطنية,أعلنت إسبانيا حالة الطوارئ الوطنية الأولى من نوعها بسبب حرائق الغابات، في الوقت الذي يكافح فيه رجال الإطفاء النيران في المناطق الوسطى والشمالية الشرقية.,"Spain is in a race against time to contain forest fires after declaring a national emergency. Spain has declared the first national state of emergency of its kind due to forest fires, as firefighters battle the flames in the central and northeastern regions.","Hispania est in stadio contra tempus ut ignes silvestres contineant postquam tumultum nationalem declaraverunt. Hispania primum statum tumultus nationalis sui generis declaravit ob incendia silvarum, ut pugnatores ignis in regionibus centralibus et septentrionalibus.",https://arabic.cnn.com/world/video/2026/07/25/v198892-spain-wildfires-national-emergency-hnk-vrtc-digvid,"https://cnn-arabic-images.cnn.io/cloudinary/image/upload/w_1920,h_1008,c_fill,q_auto,g_center/t_cnnarabic_watermark_logo_v5/cnnarabic/2026/07/25/images/339745.jpg",,,,2026-07-27 17:16:42+00:00,random,,,
01e491d46db660a8857876c348b404f8,2026-07-25T21:43:51Z,Wildfire,حرائق الغابات,arabic.cnn.com,ar,0.9,"In Frankreich sind die Waldbrände außer Kontrolle und der Premierminister: Es kommen schwierige Stunden. Der französische Premierminister Sebastien Lecornu sagte am Samstag, dass sich die Wetterbedingungen nach einer leichten Verbesserung wieder verschlechtert hätten, was „schwierige Stunden“ für die Einsätze zur Bekämpfung massiver Brände im Land ankündigte.",حرائق الغابات خارج السيطرة في فرنسا ورئيس الحكومة: ساعات صعبة قادمة,"قال رئيس الحكومة الفرنسية سيباستيان لوكورنو، السبت، إن الأحوال الجوية عادت إلى التدهور بعد تحسن طفيف، ما ينذر بـ""ساعات صعبة"" فيما يتعلق بعميات مكافحة الحرائق الهائلة في البلاد.","Forest fires are out of control in France and the Prime Minister: Difficult hours are coming. French Prime Minister Sebastien Lecornu said, on Saturday, that weather conditions had returned to deterioration after a slight improvement, which heralded “difficult hours” for operations to fight massive fires in the country.","Silvarum incendia in Gallia de potestate et princeps minister: difficilis horae veniunt. Primus minister Franco Sebastien Lecornu die Sabbati dixit condiciones tempestatum in corruptionem reddidisse post levem emendationem, quae ""horas difficilis"" denuntiavit ob operationes ut incendia ingentis in patria pugnaret.",https://arabic.cnn.com/world/article/2026/07/26/coming-hours-may-be-difficult-as-conditions-worsen-french-prime-minister-warns,"https://cnn-arabic-images.cnn.io/cloudinary/image/upload/w_1920,h_1008,c_fill,q_auto,g_center/t_cnnarabic_watermark_logo_v5/cnnarabic/2026/07/26/images/339761.jpg",,,,2026-07-27 17:16:42+00:00,random,,,
50fccc8842c7c7e799b4e63719fd054d,2026-07-26T07:13:41Z,Wildfire,حرائق الغابات,arabic.cnn.com,ar,0.9,"Wütende Waldbrände fegen über Südwesteuropa... und mehr als 250.000 Menschen wurden evakuiert. Die Waldbrände in Frankreich und Spanien wüten weiterhin unvermindert und zwingen zur Evakuierung von mehr als 250.000 Menschen. Diese Zahl scheint ständig zu steigen, da sich die Brände weiter ausbreiten und die Behörden in Frankreich Anweisungen zur Evakuierung weiterer Bewohner erlassen.",حرائق الغابات المستعرة تجتاح جنوب غرب أوروبا.. وإجلاء أكثر من 250 ألف شخص,لا تزال حرائق الغابات في فرنسا وإسبانيا مستعرة بلا هوادة، مما أدى إلى إجلاء أكثر من 250 ألف شخص. ويبدو أن هذا العدد في تزايد مستمر مع تواصل انتشار الحرائق وإصدار السلطات في فرنسا أوامر بإجلاء المزيد من السكان.,"Raging forest fires sweep southwestern Europe... and more than 250,000 people have been evacuated. Wildfires in France and Spain continue to rage unabated, forcing the evacuation of more than 250,000 people. This number appears to be constantly increasing as the fires continue to spread and the authorities in France issue orders to evacuate more residents.","Silvestres ignes furentes Europam meridionalem verrunt... et plus quam 25000 hominum exinanitae sunt. Ignes in Gallia et in Hispania sine intermissione saeviunt, cogentes plus quam 250.000 hominum emittere. Hic numerus magis constanter augeri videtur quam incendia divulgare pergunt et auctoritates in Francia constitutiones ordines plures incolas decedere.",https://arabic.cnn.com/world/video/2026/07/26/v198922-wildfires-southwest-europe-raging-digvid-vrtc,"https://cnn-arabic-images.cnn.io/cloudinary/image/upload/w_1920,h_1008,c_fill,q_auto,g_center/t_cnnarabic_watermark_logo_v5/cnnarabic/2026/07/26/images/339776.jpg",,,,2026-07-27 17:16:42+00:00,random,,,
2833a689ceef35967b2fda0085c6029d,2026-07-26T12:04:05Z,Storm,الإعصار,arabic.cnn.com,ar,0.9,"Eine Kamera überwacht den Einsturz von Baugerüsten, der mit der Zeit zusammenfällt, in der China dem stärksten Hurrikan im Jahr 2026 ausgesetzt ist. Hurrikan „Noul“ traf am frühen Sonntagmorgen Südchina, begleitet von heftigen Regenfällen und starken Winden, die zur Annullierung von Flügen führten und mehr als 700.000 Menschen in der Provinz Guangdong zur Evakuierung zwangen.",كاميرا ترصد انهيار سقالات بناء تزامناً مع تعرض الصين لأقوى إعصار في 2026,"ضرب الإعصار ""نول"" جنوب الصين في وقت مبكر من صباح الأحد، مصحوباً بأمطار غزيرة ورياح قوية أدت إلى إلغاء رحلات جوية، وأجبرت أكثر من 700 ألف شخص في مقاطعة قوانغدونغ إلى الإجلاء.","A camera monitors the collapse of construction scaffolding coinciding with China's exposure to the strongest hurricane in 2026. Hurricane ""Noul"" struck southern China early Sunday morning, accompanied by heavy rains and strong winds that led to the cancellation of flights, and forced more than 700,000 people in Guangdong Province to evacuate.","Monitores camerae ruinae constructionis pegmata cum Sinis expositione fortissimae procellae in 2026. Procellae ""Noul"" meridionalis Sinarum primo die Dominico mane percussit, cum gravibus imbribus et ventis validis qui ad indultum volatus adduxit, et plus quam 700.000 homines in Guangdong Provincia decedere coegit.",https://arabic.cnn.com/world/video/2026/07/26/v198935-china-hit-by-largest-typhoon-2026-noul-digvid-vrtc,"https://cnn-arabic-images.cnn.io/cloudinary/image/upload/w_1920,h_1008,c_fill,q_auto,g_center/t_cnnarabic_watermark_logo_v5/cnnarabic/2026/07/26/images/339805.jpg",,,,2026-07-28 03:45:53+00:00,random,,,
57167792493a3367fa819d9599f8a412,2026-07-07T02:05:49Z,Earthquake,زلزال,www.aljazeera.net,ar,0.9,"Nach dem WM-Erdbeben und Nagelsmanns Rücktritt. Wird Klopp eine Lebensader für die deutschen Maschinen sein? Das Ausscheiden aus der Runde der letzten 32 bei der Weltmeisterschaft 2026 löste unter deutschen Fußballfans große Kontroversen aus, während alle auf die Bekanntgabe des neuen Trainers der Nationalmannschaft, Jürgen Klopp, warten.",بعد زلزال المونديال واستقالة ناغلسمان.. هل يكون كلوب طوق النجاة للماكينات الألمانية؟,الخروج من دور الـ32 في مونديال 2026 أثار جدلا واسعا بين مشجعي الكرة الألمانية، بينما يترقب الجميع الإعلان عن المدرب الجديد يورغن كلوب للمنتخب الوطني.,"After the World Cup earthquake and Nagelsmann's resignation.. Will Klopp be a lifeline for the German machines? Exiting from the round of 32 in the 2026 World Cup sparked widespread controversy among German football fans, while everyone awaits the announcement of the new coach, Jurgen Klopp, for the national team.","Post Mundus Calicem terrae motus et abdicationem Nagelsmann. Num Klopp vitalis machinis Germanorum erit? Exeunti e circum 32 anno 2026 World Cup controversiam diffusam inter eu fans Germanorum excusserunt, dum omnes exspectant nuntium novae raedae, Jurgen Klopp, pro turma nationali.",https://www.aljazeera.net/sport/2026/7/7/%d8%a8%d8%b9%d8%af-%d8%b2%d9%84%d8%b2%d8%a7%d9%84-%d8%a7%d9%84%d9%85%d9%88%d9%86%d8%af%d9%8a%d8%a7%d9%84-%d9%88%d8%a7%d8%b3%d8%aa%d9%82%d8%a7%d9%84%d8%a9,https://www.aljazeera.net/wp-content/uploads/2026/07/reuters_6a4c883d-1783400509.jpg?resize=1920%2C1337,,"2026 .
 32 2026 """" .
list of 2 items<ul><li>list 1 of 2"" "".. </li><li>list 2 of 2</li></ul>end of list
 .
 """" .
 19 .
 .
 .
 .
 23 22 20 .
 32 ()
18 2026 .
 23 .
 2026 .
 .
 24 .
 .
… [+78 chars]",,2026-07-28 12:20:43+00:00,random,,,
ec2c173b056ba295dbe08d46791e34b1,2026-07-15T18:46:31Z,Earthquake,زلزال,www.aljazeera.net,ar,0.9,"Das Erdbeben des „republikanischen Volkes“ ... Wird der Konflikt zwischen den „feindlichen Brüdern“ Erdogans Weg in eine neue Amtszeit ebnen? Die türkische politische Szene erlebt einen stürmischen internen Kampf, der von der größten Opposition angeführt wird, und es werden kritische Fragen darüber gestellt, ob die anhaltenden Auseinandersetzungen spontanes Chaos oder eine Neugestaltung der Zukunft der Macht in der Türkei darstellen.","زلزال ""الشعب الجمهوري"".. هل يُعبّد صراع ""الإخوة الأعداء"" طريق أردوغان لولاية جديدة؟",يعيش المشهد السياسي التركي على وقع مخاض داخلي عاصف تقوده المعارضة الرئيسية، وسط تساؤلات حاسمة حول ما إذا كانت الخلافات الجارية تمثل فوضى عفوية أم إعادة هندسة لمستقبل السلطة في تركيا.,"The “Republican People’s” earthquake... Will the conflict between the “enemy brothers” pave Erdogan’s path to a new term? The Turkish political scene is experiencing a stormy internal struggle led by the main opposition, amid critical questions about whether the ongoing disputes represent spontaneous chaos or a re-engineering of the future of power in Türkiye.","Terrae motus ""Populus Popularis""... Num certatio inter ""hostes fratres"" iter novo termino sternet Erdogan? Politica Turcorum scaena experitur procellosum internum certamen principali oppositione ductum, inter quaestiones criticas num permanentes controversiae spontaneum chaos repraesentant vel renovationem futurae potestatis in Türkiye.",https://www.aljazeera.net/video/al-jazeeraspecialprograms/2026/7/16/%d8%b2%d9%84%d8%b2%d8%a7%d9%84-%d8%a7%d9%84%d8%b4%d8%b9%d8%a8-%d8%a7%d9%84%d8%ac%d9%85%d9%87%d9%88%d8%b1%d9%8a-%d9%87%d9%84-%d9%8a%d8%b9%d8%a8%d8%af-%d8%b5%d8%b1%d8%a7%d8%b9,https://www.aljazeera.net/wp-content/uploads/2026/07/turky-1784151764.jpg?resize=1920%2C1280&quality=80,,"2028 ( ) .
 2023 38 .
 - "" ""- """" .
 "" "" . - - .
 .
 ( )
( ) """" .
 1994 .
 "" "" .
 - - .
 """" .
 ()
.
 ( ) .",,2026-07-28 12:20:43+00:00,random,,,
79d63b7442d60b6df9e6b8102e650a82,2026-07-18T11:48:51Z,Heat Wave,موجة الحر,www.aljazeera.net,ar,0.9,"Es landete vor der Kamera auf ihr. Wie erlebte ein fliegendes Insekt die Ruhe eines Reporters in der Luft? Sie berichtete den Zuschauern ganz normal über die Hitzewelle, bevor die Kamera plötzlich auf eine Nervenprobe umschaltete, als ein unerwarteter „fliegender Gast“ auf ihrem Körper landete. Wie konnte der Reporter also weiter senden, als wäre nichts passiert?",هبطت عليها أمام الكاميرا.. كيف اختبرت حشرة طائرة هدوء مراسلة على الهواء؟,"كانت تنقل للمشاهدين تقريرا عاديا عن موجة الحر، قبل أن تتحول الكاميرا فجأة إلى اختبار للأعصاب عندما هبط ""ضيف طائر"" غير متوقع على جسدها، فكيف واصلت المراسلة البث وكأن شيئا لم يحدث؟","It landed on her in front of the camera.. How did a flying insect experience the calm of a reporter on the air? She was giving viewers a normal report on the heat wave, before the camera suddenly turned to a test of nerves when an unexpected “flying guest” landed on her body. So how did the reporter continue broadcasting as if nothing had happened?","In eam exposuit ante cameram. Quomodo volans insectum expertus est tranquillitatem notarii in aere? Illa visorum normalem relationem in unda aestu dabat, ante cameram subito ad nervorum experimentum conversus cum inopinatum ""volat hospitem"" in corpus suum appulit. Quomodo ergo notario evulgavit quasi nihil factum esset?",https://www.aljazeera.net/misc/2026/7/18/%d8%ad%d8%b4%d8%b1%d8%a9-%d8%b7%d8%a7%d8%a6%d8%b1%d8%a9-%d8%aa%d8%ae%d8%aa%d8%a8%d8%b1-%d9%87%d8%af%d9%88%d8%a1-%d9%85%d8%b1%d8%a7%d8%b3%d9%84%d8%a9-%d8%a3%d9%85%d8%b1%d9%8a%d9%83%d9%8a%d8%a9,https://www.aljazeera.net/wp-content/uploads/2026/07/876-1784384985.jpg?resize=1920%2C1280&quality=80,,"|
. : .
 .
list of 2 itemsend of list
 : 
 (KTLA) .
 .
 .
 .
 : .
 : .
 .
 "" "" .
 . .
 .
 . .
 . : .",,2026-07-29 08:04:12+00:00,random,,,
