domain,sentiment_mean,sentiment_std,subjectivity_mean,subjectivity_std,counting
www.aljazeera.net,0.016679005474243565,0.19573067085823093,0.36743483421915096,0.22063168016371787,115.0
arabic.cnn.com,0.040344236609161976,0.21898464931617592,0.46334653571967005,0.2286842084151096,67.0
sarabic.ae,-0.015278217153217153,0.19468107289134526,0.4420067432567433,0.18354540277231707,26.0
www.ahram-canada.com,0.011409423909423908,0.23005643516115035,0.5770399045399045,0.18662682753750487,13.0
www.bbc.com,0.22649242424242422,0.19703554333537276,0.526530303030303,0.2175732015339014,5.0
www.aljadeed.tv,0.0,1.0,0.0,1.0,1.0
