domain,sentiment_mean,sentiment_std,subjectivity_mean,subjectivity_std,counting
www.aljazeera.net,0.014541960262900604,0.18676058690240083,0.3599576451764453,0.2214613722585038,178.0
arabic.cnn.com,0.003638896846617435,0.23867926105128412,0.4517708678168237,0.22291446837922846,136.0
sarabic.ae,-0.0033349996564282264,0.20073877904951676,0.4393294166151309,0.18641796098311741,35.0
www.ahram-canada.com,0.011409423909423908,0.23005643516115035,0.5770399045399045,0.18662682753750487,13.0
www.bbc.com,0.144019425019425,0.24170668339105938,0.4944372571872572,0.1560332910409174,13.0
iphoneislam.com,0.0,1.0,0.0,1.0,1.0
www.aljadeed.tv,0.0,1.0,0.0,1.0,1.0
