domain,sentiment_mean,sentiment_std,subjectivity_mean,subjectivity_std,counting
www.aljazeera.net,0.020698219697439055,0.21483677490139746,0.4075354774464845,0.22480650450645806,61.0
arabic.cnn.com,0.05291440195606862,0.26107546858568875,0.5280438912938913,0.22273963935439184,27.0
sarabic.ae,0.022991135848278704,0.2030283201157471,0.4673580189651618,0.19524034322150685,14.0
www.ahram-canada.com,-0.06616676973819831,0.24181667581543395,0.6174969078540506,0.2145211480783646,7.0
www.bbc.com,0.12152777777777778,0.1840932797473828,0.37916666666666665,0.11418491338370598,3.0
www.aljadeed.tv,0.0,1.0,0.0,1.0,1.0
