domain,sentiment_mean,sentiment_std,subjectivity_mean,subjectivity_std,counting
www.aljazeera.net,0.017709064316425605,0.19272866396896596,0.37401108546930956,0.22164870962110822,109.0
arabic.cnn.com,0.035212540148024024,0.2257756759584745,0.4766153586556813,0.2258685699638993,62.0
sarabic.ae,-0.02140786435786436,0.19611814359147528,0.4432425685425685,0.18721980734355598,25.0
www.ahram-canada.com,0.011409423909423908,0.23005643516115035,0.5770399045399045,0.18662682753750487,13.0
www.bbc.com,0.22649242424242422,0.19703554333537276,0.526530303030303,0.2175732015339014,5.0
www.aljadeed.tv,0.0,1.0,0.0,1.0,1.0
