domain,sentiment_mean,sentiment_std,subjectivity_mean,subjectivity_std,counting
www.aljazeera.net,0.013135976291002743,0.19609757059273408,0.38504056017468713,0.21832172006553072,90.0
arabic.cnn.com,0.037451237109773695,0.23174609537341564,0.4830433868299722,0.22544186269491642,41.0
sarabic.ae,0.01972661886724387,0.18999203618619906,0.4476101415945166,0.19376062247330342,16.0
www.ahram-canada.com,-0.038157549521185885,0.21102676567074968,0.5785471599107962,0.17946846882940684,11.0
www.bbc.com,0.17478219696969693,0.18422184928134888,0.4748295454545455,0.2128325048989632,4.0
www.aljadeed.tv,0.0,1.0,0.0,1.0,1.0
