domain,sentiment_mean,sentiment_std,subjectivity_mean,subjectivity_std,counting
www.aljazeera.net,0.01940606665412143,0.19197494048525107,0.36384818411090586,0.22103789768140253,153.0
arabic.cnn.com,-0.005268434674397977,0.249858988632907,0.45243536942160795,0.23131725070685472,109.0
sarabic.ae,-0.010050734940440823,0.1997267559657607,0.43386851710381125,0.18635814461220002,34.0
www.ahram-canada.com,0.011409423909423908,0.23005643516115035,0.5770399045399045,0.18662682753750487,13.0
www.bbc.com,0.18596590909090907,0.202269114923481,0.48599747474747473,0.21846725025092614,6.0
iphoneislam.com,0.0,1.0,0.0,1.0,1.0
www.aljadeed.tv,0.0,1.0,0.0,1.0,1.0
