domain,sentiment_mean,sentiment_std,subjectivity_mean,subjectivity_std,counting
www.aljazeera.net,0.004454901225605153,0.2244482104913064,0.4245563864764175,0.2407041592795094,46.0
arabic.cnn.com,0.04127668603326498,0.2895330588047191,0.5306344839371155,0.22190281046464488,19.0
sarabic.ae,0.0011285473785473757,0.1527074987866039,0.4771954665704666,0.20683977197738002,12.0
www.ahram-canada.com,0.014118867243867256,0.0755278669094947,0.5768993506493506,0.0790602450427546,4.0
www.bbc.com,0.18229166666666666,0.21360517348343622,0.3583333333333333,0.15320646925708525,2.0
