domain,sentiment_mean,sentiment_std,subjectivity_mean,subjectivity_std,counting
www.aljazeera.net,0.010763888888888887,0.21446969752719708,0.41909722222222223,0.2544684569879965,6.0
arabic.cnn.com,-0.321875,0.1811961126790528,0.578125,0.06629126073623882,2.0
