week,sentiment_mean,sentiment_std,subjectivity_mean,subjectivity_std,counting
2025-46,1.2320440330625408,1.0,-0.17329150631939555,1.0,1.0
2025-47,0.06637819363411851,1.0,0.7764005283128819,1.0,1.0
2025-48,0.6492111133483296,1.0,0.9073925330897481,1.0,1.0
2025-49,-0.1570410922563291,1.0,-1.2130405442357686,1.0,1.0
2025-50,-0.3786475857476356,0.4645114488758642,-0.22431238047967111,1.3172256106825448,2.0
2025-51,-1.740403857479936,1.0,0.8582705312984231,1.0,1.0
2025-52,0.7071067811865476,1.0,-0.7071067811865476,1.0,1.0
