domain,sentiment_mean,sentiment_std,subjectivity_mean,subjectivity_std,counting
www.aljazeera.net,0.015684705371213303,0.19830469288835686,0.37405035377059187,0.22067551809304495,111.0
arabic.cnn.com,0.038357314643028925,0.2253342610506097,0.47645744290982384,0.2240431507317042,63.0
sarabic.ae,-0.015278217153217153,0.19468107289134526,0.4420067432567433,0.18354540277231707,26.0
www.ahram-canada.com,0.011409423909423908,0.23005643516115035,0.5770399045399045,0.18662682753750487,13.0
www.bbc.com,0.22649242424242422,0.19703554333537276,0.526530303030303,0.2175732015339014,5.0
www.aljadeed.tv,0.0,1.0,0.0,1.0,1.0
