domain,sentiment_mean,sentiment_std,subjectivity_mean,subjectivity_std,counting
www.aljazeera.net,0.022626337866796548,0.19314367991516118,0.36371491026966346,0.22157059442982963,136.0
arabic.cnn.com,0.0077106255168052935,0.22771731297995104,0.45822679848241643,0.23243095936544014,89.0
sarabic.ae,-0.01359557254088504,0.20350722571537055,0.4329991883116883,0.19080878970076465,32.0
www.ahram-canada.com,0.011409423909423908,0.23005643516115035,0.5770399045399045,0.18662682753750487,13.0
www.bbc.com,0.18596590909090907,0.202269114923481,0.48599747474747473,0.21846725025092614,6.0
www.aljadeed.tv,0.0,1.0,0.0,1.0,1.0
