week,sentiment_mean,sentiment_std,subjectivity_mean,subjectivity_std,counting
2025-46,1.3319047051355262,1.0,-0.012779382206430635,1.0,1.0
2025-47,0.05619210272521606,1.0,0.9305713770319065,1.0,1.0
2025-48,0.694048403930371,1.0,1.0606887231337465,1.0,1.0
2025-49,-0.18831947940342675,1.0,-1.045585816889783,1.0,1.0
2025-50,-0.38822284560131265,0.4503937311166931,-0.31581661214311,0.6884546670683579,3.0
2025-51,-1.9211624310107647,1.0,1.0118947183455564,1.0,1.0
2025-52,0.33417295781553763,0.6549313815023453,-0.4477947440016596,1.0398698761039862,3.0
2026-01,1.0811868889470084,1.0,1.127060970828269,1.0,1.0
2026-02,-0.8917005269666048,1.0,-0.7810165218089552,1.0,1.0
