domain,sentiment_mean,sentiment_std,subjectivity_mean,subjectivity_std,counting
www.aljazeera.net,0.06244177890011223,0.16823737458642468,0.3955426286676287,0.2218173606968389,18.0
arabic.cnn.com,0.06680776515151515,0.35470010069742236,0.5764356060606061,0.0921601464203473,8.0
sarabic.ae,-0.07333333333333333,0.2037112267129352,0.5855952380952381,0.1332246049026753,5.0
www.ahram-canada.com,0.0,1.0,0.0,1.0,1.0
