domain,sentiment_mean,sentiment_std,subjectivity_mean,subjectivity_std,counting
www.aljazeera.net,0.04490590747121359,0.1735431749205923,0.39823121300468234,0.22609581634613016,35.0
arabic.cnn.com,0.0770853896103896,0.2714325801610817,0.4991012987012987,0.19217064798397498,15.0
sarabic.ae,-0.05682539682539683,0.17160536610340893,0.5669331065759637,0.1312836452900441,7.0
www.ahram-canada.com,0.0,1.0,0.0,1.0,1.0
www.bbc.com,0.0,1.0,0.0,1.0,1.0
