domain,sentiment_mean,sentiment_std,subjectivity_mean,subjectivity_std,counting
www.aljazeera.net,0.022670936276317707,0.1970809757268016,0.3869795677341232,0.2205493533859432,98.0
arabic.cnn.com,0.028624395212630504,0.23403613504883297,0.48300407435701553,0.22327825835663279,51.0
sarabic.ae,-0.001099304735668372,0.18703749218491736,0.43470475862521324,0.19495502384576033,22.0
www.ahram-canada.com,0.011409423909423908,0.23005643516115035,0.5770399045399045,0.18662682753750487,13.0
www.bbc.com,0.17478219696969693,0.18422184928134888,0.4748295454545455,0.2128325048989632,4.0
www.aljadeed.tv,0.0,1.0,0.0,1.0,1.0
