domain,sentiment_mean,sentiment_std,subjectivity_mean,subjectivity_std,counting
www.aljazeera.net,0.026384615966313526,0.19394215176918075,0.3634936096306053,0.21745552869302473,131.0
arabic.cnn.com,0.012877400050929461,0.21857958296832883,0.45704531448943214,0.22866175966567676,85.0
sarabic.ae,-0.010001881332526493,0.20583647384111695,0.44293464599916216,0.18535769097749752,31.0
www.ahram-canada.com,0.011409423909423908,0.23005643516115035,0.5770399045399045,0.18662682753750487,13.0
www.bbc.com,0.18596590909090907,0.202269114923481,0.48599747474747473,0.21846725025092614,6.0
www.aljadeed.tv,0.0,1.0,0.0,1.0,1.0
