domain,sentiment_mean,sentiment_std,subjectivity_mean,subjectivity_std,counting
www.aljazeera.net,0.022770089435068808,0.1945275508995091,0.36522547310103554,0.2165253709574105,127.0
arabic.cnn.com,0.030984285714285718,0.22323471342972773,0.4666158345358345,0.23264658467316338,75.0
sarabic.ae,-0.0014685331203188323,0.19559106687862388,0.4403648732220161,0.18515067162243426,28.0
www.ahram-canada.com,0.011409423909423908,0.23005643516115035,0.5770399045399045,0.18662682753750487,13.0
www.bbc.com,0.22649242424242422,0.19703554333537276,0.526530303030303,0.2175732015339014,5.0
www.aljadeed.tv,0.0,1.0,0.0,1.0,1.0
