domain,sentiment_mean,sentiment_std,subjectivity_mean,subjectivity_std,counting
www.aljazeera.net,0.01696625542705181,0.1949023658786954,0.36599143047588245,0.2202197185997213,116.0
arabic.cnn.com,0.03243751905371624,0.21660792849308255,0.4573129280734915,0.23392091281709532,71.0
sarabic.ae,-0.015278217153217153,0.19468107289134526,0.4420067432567433,0.18354540277231707,26.0
www.ahram-canada.com,0.011409423909423908,0.23005643516115035,0.5770399045399045,0.18662682753750487,13.0
www.bbc.com,0.22649242424242422,0.19703554333537276,0.526530303030303,0.2175732015339014,5.0
www.aljadeed.tv,0.0,1.0,0.0,1.0,1.0
