domain,sentiment_mean,sentiment_std,subjectivity_mean,subjectivity_std,counting
www.aljazeera.net,0.06900252525252525,0.20179849932396712,0.4581439393939393,0.2551049187505154,11.0
arabic.cnn.com,-0.07263446969696971,0.31073208458252854,0.6028712121212121,0.05037763384415288,4.0
sarabic.ae,-0.051388888888888894,0.12460586009642713,0.5176587301587302,0.10263384694227745,3.0
