domain,sentiment_mean,sentiment_std,subjectivity_mean,subjectivity_std,counting
www.aljazeera.net,0.0162650998344187,0.19120228631119732,0.36128106666205667,0.2248415482803028,158.0
arabic.cnn.com,-0.007808107420812339,0.2450297502705912,0.45119148747427434,0.22643236744698778,122.0
sarabic.ae,-0.010050734940440823,0.1997267559657607,0.43386851710381125,0.18635814461220002,34.0
www.ahram-canada.com,0.011409423909423908,0.23005643516115035,0.5770399045399045,0.18662682753750487,13.0
www.bbc.com,0.22130411255411256,0.20696742757735495,0.4959343434343434,0.20115782951520386,7.0
iphoneislam.com,0.0,1.0,0.0,1.0,1.0
www.aljadeed.tv,0.0,1.0,0.0,1.0,1.0
