domain,sentiment_mean,sentiment_std,subjectivity_mean,subjectivity_std,counting
www.aljazeera.net,0.013988095238095235,0.19596890359760824,0.3782738095238095,0.25617901326733294,7.0
arabic.cnn.com,-0.13417929292929295,0.3494353316184814,0.6011616161616161,0.061557474587030495,3.0
sarabic.ae,-0.051388888888888894,0.12460586009642713,0.5176587301587302,0.10263384694227745,3.0
